-BEGIN HEADER-,,,,
NASA/POWER Source Native Resolution Hourly Data ,,,,
Dates (month/day/year): 01/01/2026 through 09/04/2026 in LST,,,,
Location: Latitude  25.6574   Longitude -100.3807 ,,,,
Elevation from MERRA-2: Average for 0.5 x 0.625 degree lat/lon region = 1626.96 meters,,,,
The value for missing source data that cannot be computed or is outside of the sources availability range: -999 ,,,,
Parameter(s): ,,,,
ALLSKY_SFC_SW_DWN     CERES SYN1deg All Sky Surface Shortwave Downward Irradiance (Wh/m^2) ,,,,
-END HEADER-,,,,
YEAR,MO,DY,HR,ALLSKY_SFC_SW_DWN
2026,1,1,0,0
2026,1,1,1,0
2026,1,1,2,0
2026,1,1,3,0
2026,1,1,4,0
2026,1,1,5,0
2026,1,1,6,7.93
2026,1,1,7,131.55
2026,1,1,8,305.77
2026,1,1,9,459.98
2026,1,1,10,551.88
2026,1,1,11,652.65
2026,1,1,12,649.58
2026,1,1,13,527.2
2026,1,1,14,388.98
2026,1,1,15,218.35
2026,1,1,16,51.5
2026,1,1,17,0
2026,1,1,18,0
2026,1,1,19,0
2026,1,1,20,0
2026,1,1,21,0
2026,1,1,22,0
2026,1,1,23,0
2026,1,2,0,0
2026,1,2,1,0
2026,1,2,2,0
2026,1,2,3,0
2026,1,2,4,0
2026,1,2,5,0
2026,1,2,6,9.68
2026,1,2,7,154.95
2026,1,2,8,357.77
2026,1,2,9,524.75
2026,1,2,10,640.92
2026,1,2,11,696.8
2026,1,2,12,683.3
2026,1,2,13,586.17
2026,1,2,14,441.58
2026,1,2,15,252.95
2026,1,2,16,61.45
2026,1,2,17,0
2026,1,2,18,0
2026,1,2,19,0
2026,1,2,20,0
2026,1,2,21,0
2026,1,2,22,0
2026,1,2,23,0
2026,1,3,0,0
2026,1,3,1,0
2026,1,3,2,0
2026,1,3,3,0
2026,1,3,4,0
2026,1,3,5,0
2026,1,3,6,9.18
2026,1,3,7,154.43
2026,1,3,8,364.4
2026,1,3,9,558.4
2026,1,3,10,683.85
2026,1,3,11,734.88
2026,1,3,12,719.28
2026,1,3,13,633.67
2026,1,3,14,486.02
2026,1,3,15,290.9
2026,1,3,16,78.3
2026,1,3,17,0
2026,1,3,18,0
2026,1,3,19,0
2026,1,3,20,0
2026,1,3,21,0
2026,1,3,22,0
2026,1,3,23,0
2026,1,4,0,0
2026,1,4,1,0
2026,1,4,2,0
2026,1,4,3,0
2026,1,4,4,0
2026,1,4,5,0
2026,1,4,6,9.73
2026,1,4,7,160.8
2026,1,4,8,366.25
2026,1,4,9,541.92
2026,1,4,10,661.72
2026,1,4,11,718.78
2026,1,4,12,701.97
2026,1,4,13,608
2026,1,4,14,460.52
2026,1,4,15,262.2
2026,1,4,16,64.3
2026,1,4,17,0
2026,1,4,18,0
2026,1,4,19,0
2026,1,4,20,0
2026,1,4,21,0
2026,1,4,22,0
2026,1,4,23,0
2026,1,5,0,0
2026,1,5,1,0
2026,1,5,2,0
2026,1,5,3,0
2026,1,5,4,0
2026,1,5,5,0
2026,1,5,6,9.15
2026,1,5,7,155.5
2026,1,5,8,367.38
2026,1,5,9,547.03
2026,1,5,10,667.72
2026,1,5,11,716.15
2026,1,5,12,701.25
2026,1,5,13,617.83
2026,1,5,14,472.77
2026,1,5,15,281.75
2026,1,5,16,76.95
2026,1,5,17,0
2026,1,5,18,0
2026,1,5,19,0
2026,1,5,20,0
2026,1,5,21,0
2026,1,5,22,0
2026,1,5,23,0
2026,1,6,0,0
2026,1,6,1,0
2026,1,6,2,0
2026,1,6,3,0
2026,1,6,4,0
2026,1,6,5,0
2026,1,6,6,8.93
2026,1,6,7,148.8
2026,1,6,8,339.52
2026,1,6,9,503.7
2026,1,6,10,605.95
2026,1,6,11,693.1
2026,1,6,12,674.92
2026,1,6,13,558.55
2026,1,6,14,418.52
2026,1,6,15,242.35
2026,1,6,16,65.25
2026,1,6,17,0
2026,1,6,18,0
2026,1,6,19,0
2026,1,6,20,0
2026,1,6,21,0
2026,1,6,22,0
2026,1,6,23,0
2026,1,7,0,0
2026,1,7,1,0
2026,1,7,2,0
2026,1,7,3,0
2026,1,7,4,0
2026,1,7,5,0
2026,1,7,6,8.45
2026,1,7,7,148.57
2026,1,7,8,348.77
2026,1,7,9,525.38
2026,1,7,10,651.3
2026,1,7,11,695.75
2026,1,7,12,685.22
2026,1,7,13,600.2
2026,1,7,14,452.55
2026,1,7,15,262.3
2026,1,7,16,71.32
2026,1,7,17,0
2026,1,7,18,0
2026,1,7,19,0
2026,1,7,20,0
2026,1,7,21,0
2026,1,7,22,0
2026,1,7,23,0
2026,1,8,0,0
2026,1,8,1,0
2026,1,8,2,0
2026,1,8,3,0
2026,1,8,4,0
2026,1,8,5,0
2026,1,8,6,8.38
2026,1,8,7,133.02
2026,1,8,8,312.88
2026,1,8,9,464.4
2026,1,8,10,581.47
2026,1,8,11,608.12
2026,1,8,12,534.6
2026,1,8,13,462.67
2026,1,8,14,345.7
2026,1,8,15,203
2026,1,8,16,53.08
2026,1,8,17,0
2026,1,8,18,0
2026,1,8,19,0
2026,1,8,20,0
2026,1,8,21,0
2026,1,8,22,0
2026,1,8,23,0
2026,1,9,0,0
2026,1,9,1,0
2026,1,9,2,0
2026,1,9,3,0
2026,1,9,4,0
2026,1,9,5,0
2026,1,9,6,8
2026,1,9,7,138.2
2026,1,9,8,326.98
2026,1,9,9,493.5
2026,1,9,10,635.92
2026,1,9,11,682.03
2026,1,9,12,650.05
2026,1,9,13,561.65
2026,1,9,14,415.35
2026,1,9,15,236.68
2026,1,9,16,66.75
2026,1,9,17,0
2026,1,9,18,0
2026,1,9,19,0
2026,1,9,20,0
2026,1,9,21,0
2026,1,9,22,0
2026,1,9,23,0
2026,1,10,0,0
2026,1,10,1,0
2026,1,10,2,0
2026,1,10,3,0
2026,1,10,4,0
2026,1,10,5,0
2026,1,10,6,4.78
2026,1,10,7,58.85
2026,1,10,8,124
2026,1,10,9,194.8
2026,1,10,10,242.68
2026,1,10,11,309.7
2026,1,10,12,292.65
2026,1,10,13,254.27
2026,1,10,14,170.88
2026,1,10,15,105.8
2026,1,10,16,29.05
2026,1,10,17,0
2026,1,10,18,0
2026,1,10,19,0
2026,1,10,20,0
2026,1,10,21,0
2026,1,10,22,0
2026,1,10,23,0
2026,1,11,0,0
2026,1,11,1,0
2026,1,11,2,0
2026,1,11,3,0
2026,1,11,4,0
2026,1,11,5,0
2026,1,11,6,3.1
2026,1,11,7,31.25
2026,1,11,8,64.05
2026,1,11,9,93.72
2026,1,11,10,163.93
2026,1,11,11,176.2
2026,1,11,12,126.22
2026,1,11,13,106.85
2026,1,11,14,82.5
2026,1,11,15,50.62
2026,1,11,16,17.15
2026,1,11,17,0
2026,1,11,18,0
2026,1,11,19,0
2026,1,11,20,0
2026,1,11,21,0
2026,1,11,22,0
2026,1,11,23,0
2026,1,12,0,0
2026,1,12,1,0
2026,1,12,2,0
2026,1,12,3,0
2026,1,12,4,0
2026,1,12,5,0
2026,1,12,6,6.35
2026,1,12,7,99.05
2026,1,12,8,220.7
2026,1,12,9,330.23
2026,1,12,10,490.65
2026,1,12,11,422.65
2026,1,12,12,334.6
2026,1,12,13,136.48
2026,1,12,14,111.55
2026,1,12,15,94.25
2026,1,12,16,29.45
2026,1,12,17,0
2026,1,12,18,0
2026,1,12,19,0
2026,1,12,20,0
2026,1,12,21,0
2026,1,12,22,0
2026,1,12,23,0
2026,1,13,0,0
2026,1,13,1,0
2026,1,13,2,0
2026,1,13,3,0
2026,1,13,4,0
2026,1,13,5,0
2026,1,13,6,4.72
2026,1,13,7,60.58
2026,1,13,8,161.3
2026,1,13,9,249.73
2026,1,13,10,272.17
2026,1,13,11,403.55
2026,1,13,12,482.15
2026,1,13,13,330.55
2026,1,13,14,265.12
2026,1,13,15,163.68
2026,1,13,16,51.55
2026,1,13,17,0
2026,1,13,18,0
2026,1,13,19,0
2026,1,13,20,0
2026,1,13,21,0
2026,1,13,22,0
2026,1,13,23,0
2026,1,14,0,0
2026,1,14,1,0
2026,1,14,2,0
2026,1,14,3,0
2026,1,14,4,0
2026,1,14,5,0
2026,1,14,6,9.1
2026,1,14,7,160.5
2026,1,14,8,361.65
2026,1,14,9,547.97
2026,1,14,10,681.83
2026,1,14,11,707
2026,1,14,12,697.58
2026,1,14,13,637.83
2026,1,14,14,494.48
2026,1,14,15,308.1
2026,1,14,16,104.65
2026,1,14,17,0
2026,1,14,18,0
2026,1,14,19,0
2026,1,14,20,0
2026,1,14,21,0
2026,1,14,22,0
2026,1,14,23,0
2026,1,15,0,0
2026,1,15,1,0
2026,1,15,2,0
2026,1,15,3,0
2026,1,15,4,0
2026,1,15,5,0
2026,1,15,6,11.3
2026,1,15,7,178.82
2026,1,15,8,396.85
2026,1,15,9,580.33
2026,1,15,10,708.92
2026,1,15,11,768.92
2026,1,15,12,758.7
2026,1,15,13,673.55
2026,1,15,14,528
2026,1,15,15,332.25
2026,1,15,16,115.75
2026,1,15,17,0
2026,1,15,18,0
2026,1,15,19,0
2026,1,15,20,0
2026,1,15,21,0
2026,1,15,22,0
2026,1,15,23,0
2026,1,16,0,0
2026,1,16,1,0
2026,1,16,2,0
2026,1,16,3,0
2026,1,16,4,0
2026,1,16,5,0
2026,1,16,6,8.85
2026,1,16,7,147.3
2026,1,16,8,342.33
2026,1,16,9,515.88
2026,1,16,10,583.7
2026,1,16,11,658
2026,1,16,12,670.88
2026,1,16,13,525.88
2026,1,16,14,399.95
2026,1,16,15,244.05
2026,1,16,16,81.68
2026,1,16,17,0
2026,1,16,18,0
2026,1,16,19,0
2026,1,16,20,0
2026,1,16,21,0
2026,1,16,22,0
2026,1,16,23,0
2026,1,17,0,0
2026,1,17,1,0
2026,1,17,2,0
2026,1,17,3,0
2026,1,17,4,0
2026,1,17,5,0
2026,1,17,6,6.4
2026,1,17,7,85.65
2026,1,17,8,204.68
2026,1,17,9,323.62
2026,1,17,10,462.25
2026,1,17,11,552.15
2026,1,17,12,555.95
2026,1,17,13,529.55
2026,1,17,14,419.67
2026,1,17,15,270.35
2026,1,17,16,102.72
2026,1,17,17,0
2026,1,17,18,0
2026,1,17,19,0
2026,1,17,20,0
2026,1,17,21,0
2026,1,17,22,0
2026,1,17,23,0
2026,1,18,0,0
2026,1,18,1,0
2026,1,18,2,0
2026,1,18,3,0
2026,1,18,4,0
2026,1,18,5,0
2026,1,18,6,11.12
2026,1,18,7,178.02
2026,1,18,8,396.35
2026,1,18,9,581.08
2026,1,18,10,712.58
2026,1,18,11,778.35
2026,1,18,12,771.5
2026,1,18,13,695.53
2026,1,18,14,548.85
2026,1,18,15,350.85
2026,1,18,16,130.23
2026,1,18,17,0
2026,1,18,18,0
2026,1,18,19,0
2026,1,18,20,0
2026,1,18,21,0
2026,1,18,22,0
2026,1,18,23,0
2026,1,19,0,0
2026,1,19,1,0
2026,1,19,2,0
2026,1,19,3,0
2026,1,19,4,0
2026,1,19,5,0
2026,1,19,6,10.25
2026,1,19,7,170.62
2026,1,19,8,375.25
2026,1,19,9,561.55
2026,1,19,10,659.03
2026,1,19,11,656.5
2026,1,19,12,614.38
2026,1,19,13,562.83
2026,1,19,14,458.7
2026,1,19,15,268.83
2026,1,19,16,92.12
2026,1,19,17,0
2026,1,19,18,0
2026,1,19,19,0
2026,1,19,20,0
2026,1,19,21,0
2026,1,19,22,0
2026,1,19,23,0
2026,1,20,0,0
2026,1,20,1,0
2026,1,20,2,0
2026,1,20,3,0
2026,1,20,4,0
2026,1,20,5,0
2026,1,20,6,3.88
2026,1,20,7,58.8
2026,1,20,8,141.3
2026,1,20,9,224
2026,1,20,10,335.7
2026,1,20,11,407.17
2026,1,20,12,238.5
2026,1,20,13,233.6
2026,1,20,14,119.45
2026,1,20,15,107.1
2026,1,20,16,31.65
2026,1,20,17,0
2026,1,20,18,0
2026,1,20,19,0
2026,1,20,20,0
2026,1,20,21,0
2026,1,20,22,0
2026,1,20,23,0
2026,1,21,0,0
2026,1,21,1,0
2026,1,21,2,0
2026,1,21,3,0
2026,1,21,4,0
2026,1,21,5,0
2026,1,21,6,3.17
2026,1,21,7,40.05
2026,1,21,8,103.82
2026,1,21,9,173.23
2026,1,21,10,206.8
2026,1,21,11,241.73
2026,1,21,12,254.23
2026,1,21,13,259.9
2026,1,21,14,215.2
2026,1,21,15,144.2
2026,1,21,16,60.42
2026,1,21,17,0
2026,1,21,18,0
2026,1,21,19,0
2026,1,21,20,0
2026,1,21,21,0
2026,1,21,22,0
2026,1,21,23,0
2026,1,22,0,0
2026,1,22,1,0
2026,1,22,2,0
2026,1,22,3,0
2026,1,22,4,0
2026,1,22,5,0
2026,1,22,6,9.75
2026,1,22,7,161.15
2026,1,22,8,362.83
2026,1,22,9,542.65
2026,1,22,10,683.35
2026,1,22,11,755.62
2026,1,22,12,742
2026,1,22,13,620.08
2026,1,22,14,498.92
2026,1,22,15,311
2026,1,22,16,114.95
2026,1,22,17,0
2026,1,22,18,0
2026,1,22,19,0
2026,1,22,20,0
2026,1,22,21,0
2026,1,22,22,0
2026,1,22,23,0
2026,1,23,0,0
2026,1,23,1,0
2026,1,23,2,0
2026,1,23,3,0
2026,1,23,4,0
2026,1,23,5,0
2026,1,23,6,7.43
2026,1,23,7,113.8
2026,1,23,8,272.02
2026,1,23,9,422.48
2026,1,23,10,562.78
2026,1,23,11,616.9
2026,1,23,12,612.3
2026,1,23,13,482.42
2026,1,23,14,416.2
2026,1,23,15,267.35
2026,1,23,16,105.88
2026,1,23,17,0
2026,1,23,18,0
2026,1,23,19,0
2026,1,23,20,0
2026,1,23,21,0
2026,1,23,22,0
2026,1,23,23,0
2026,1,24,0,0
2026,1,24,1,0
2026,1,24,2,0
2026,1,24,3,0
2026,1,24,4,0
2026,1,24,5,0
2026,1,24,6,3.65
2026,1,24,7,50
2026,1,24,8,95.8
2026,1,24,9,142.32
2026,1,24,10,295.88
2026,1,24,11,313.38
2026,1,24,12,474.12
2026,1,24,13,354.4
2026,1,24,14,233.5
2026,1,24,15,138.75
2026,1,24,16,53.28
2026,1,24,17,0
2026,1,24,18,0
2026,1,24,19,0
2026,1,24,20,0
2026,1,24,21,0
2026,1,24,22,0
2026,1,24,23,0
2026,1,25,0,0
2026,1,25,1,0
2026,1,25,2,0
2026,1,25,3,0
2026,1,25,4,0
2026,1,25,5,0
2026,1,25,6,10.62
2026,1,25,7,143.05
2026,1,25,8,321.75
2026,1,25,9,472.5
2026,1,25,10,583.7
2026,1,25,11,669.58
2026,1,25,12,683.25
2026,1,25,13,620.25
2026,1,25,14,524.17
2026,1,25,15,347.65
2026,1,25,16,142.3
2026,1,25,17,0
2026,1,25,18,0
2026,1,25,19,0
2026,1,25,20,0
2026,1,25,21,0
2026,1,25,22,0
2026,1,25,23,0
2026,1,26,0,0
2026,1,26,1,0
2026,1,26,2,0
2026,1,26,3,0
2026,1,26,4,0
2026,1,26,5,0
2026,1,26,6,11.88
2026,1,26,7,184.1
2026,1,26,8,393.77
2026,1,26,9,591.03
2026,1,26,10,728.5
2026,1,26,11,774.08
2026,1,26,12,771.35
2026,1,26,13,707.88
2026,1,26,14,564.15
2026,1,26,15,360.45
2026,1,26,16,145.95
2026,1,26,17,0
2026,1,26,18,0
2026,1,26,19,0
2026,1,26,20,0
2026,1,26,21,0
2026,1,26,22,0
2026,1,26,23,0
2026,1,27,0,0
2026,1,27,1,0
2026,1,27,2,0
2026,1,27,3,0
2026,1,27,4,0
2026,1,27,5,0
2026,1,27,6,10.77
2026,1,27,7,166.27
2026,1,27,8,370
2026,1,27,9,554.1
2026,1,27,10,712.78
2026,1,27,11,742.47
2026,1,27,12,778.75
2026,1,27,13,561.17
2026,1,27,14,385.4
2026,1,27,15,252.98
2026,1,27,16,105.6
2026,1,27,17,4.05
2026,1,27,18,0
2026,1,27,19,0
2026,1,27,20,0
2026,1,27,21,0
2026,1,27,22,0
2026,1,27,23,0
2026,1,28,0,0
2026,1,28,1,0
2026,1,28,2,0
2026,1,28,3,0
2026,1,28,4,0
2026,1,28,5,0
2026,1,28,6,11.85
2026,1,28,7,179.07
2026,1,28,8,399.2
2026,1,28,9,587.53
2026,1,28,10,731.05
2026,1,28,11,787.5
2026,1,28,12,724.38
2026,1,28,13,680.33
2026,1,28,14,565.9
2026,1,28,15,364.65
2026,1,28,16,143.18
2026,1,28,17,4.8
2026,1,28,18,0
2026,1,28,19,0
2026,1,28,20,0
2026,1,28,21,0
2026,1,28,22,0
2026,1,28,23,0
2026,1,29,0,0
2026,1,29,1,0
2026,1,29,2,0
2026,1,29,3,0
2026,1,29,4,0
2026,1,29,5,0
2026,1,29,6,10.12
2026,1,29,7,154.27
2026,1,29,8,338.52
2026,1,29,9,525.65
2026,1,29,10,692.05
2026,1,29,11,775.28
2026,1,29,12,774.92
2026,1,29,13,681.08
2026,1,29,14,547.85
2026,1,29,15,345.88
2026,1,29,16,128.85
2026,1,29,17,4.47
2026,1,29,18,0
2026,1,29,19,0
2026,1,29,20,0
2026,1,29,21,0
2026,1,29,22,0
2026,1,29,23,0
2026,1,30,0,0
2026,1,30,1,0
2026,1,30,2,0
2026,1,30,3,0
2026,1,30,4,0
2026,1,30,5,0
2026,1,30,6,10.12
2026,1,30,7,143.02
2026,1,30,8,337
2026,1,30,9,517.35
2026,1,30,10,640.9
2026,1,30,11,584.78
2026,1,30,12,654.7
2026,1,30,13,609.38
2026,1,30,14,279.27
2026,1,30,15,181.12
2026,1,30,16,72.38
2026,1,30,17,2.88
2026,1,30,18,0
2026,1,30,19,0
2026,1,30,20,0
2026,1,30,21,0
2026,1,30,22,0
2026,1,30,23,0
2026,1,31,0,0
2026,1,31,1,0
2026,1,31,2,0
2026,1,31,3,0
2026,1,31,4,0
2026,1,31,5,0
2026,1,31,6,13.48
2026,1,31,7,186
2026,1,31,8,410.17
2026,1,31,9,608.9
2026,1,31,10,743.78
2026,1,31,11,795.58
2026,1,31,12,779.33
2026,1,31,13,708.12
2026,1,31,14,542.65
2026,1,31,15,351.58
2026,1,31,16,137.98
2026,1,31,17,4.8
2026,1,31,18,0
2026,1,31,19,0
2026,1,31,20,0
2026,1,31,21,0
2026,1,31,22,0
2026,1,31,23,0
2026,2,1,0,0
2026,2,1,1,0
2026,2,1,2,0
2026,2,1,3,0
2026,2,1,4,0
2026,2,1,5,0
2026,2,1,6,12.6
2026,2,1,7,173.88
2026,2,1,8,375.48
2026,2,1,9,570.47
2026,2,1,10,709.97
2026,2,1,11,771.67
2026,2,1,12,685.45
2026,2,1,13,685.33
2026,2,1,14,556.9
2026,2,1,15,354.4
2026,2,1,16,140.38
2026,2,1,17,5.72
2026,2,1,18,0
2026,2,1,19,0
2026,2,1,20,0
2026,2,1,21,0
2026,2,1,22,0
2026,2,1,23,0
2026,2,2,0,0
2026,2,2,1,0
2026,2,2,2,0
2026,2,2,3,0
2026,2,2,4,0
2026,2,2,5,0
2026,2,2,6,11.93
2026,2,2,7,142.48
2026,2,2,8,302.12
2026,2,2,9,465.58
2026,2,2,10,635.7
2026,2,2,11,757.3
2026,2,2,12,762.33
2026,2,2,13,705.6
2026,2,2,14,559.33
2026,2,2,15,364.6
2026,2,2,16,149.23
2026,2,2,17,6.62
2026,2,2,18,0
2026,2,2,19,0
2026,2,2,20,0
2026,2,2,21,0
2026,2,2,22,0
2026,2,2,23,0
2026,2,3,0,0
2026,2,3,1,0
2026,2,3,2,0
2026,2,3,3,0
2026,2,3,4,0
2026,2,3,5,0
2026,2,3,6,14.25
2026,2,3,7,183.8
2026,2,3,8,402.23
2026,2,3,9,591.8
2026,2,3,10,726.7
2026,2,3,11,792.8
2026,2,3,12,785.17
2026,2,3,13,686
2026,2,3,14,546.42
2026,2,3,15,357.38
2026,2,3,16,148.3
2026,2,3,17,6.82
2026,2,3,18,0
2026,2,3,19,0
2026,2,3,20,0
2026,2,3,21,0
2026,2,3,22,0
2026,2,3,23,0
2026,2,4,0,0
2026,2,4,1,0
2026,2,4,2,0
2026,2,4,3,0
2026,2,4,4,0
2026,2,4,5,0
2026,2,4,6,8.2
2026,2,4,7,89.78
2026,2,4,8,202.85
2026,2,4,9,301.33
2026,2,4,10,447
2026,2,4,11,456.9
2026,2,4,12,469.85
2026,2,4,13,444.98
2026,2,4,14,404.42
2026,2,4,15,251.57
2026,2,4,16,97.6
2026,2,4,17,5.2
2026,2,4,18,0
2026,2,4,19,0
2026,2,4,20,0
2026,2,4,21,0
2026,2,4,22,0
2026,2,4,23,0
2026,2,5,0,0
2026,2,5,1,0
2026,2,5,2,0
2026,2,5,3,0
2026,2,5,4,0
2026,2,5,5,0
2026,2,5,6,13.8
2026,2,5,7,180.18
2026,2,5,8,397.67
2026,2,5,9,596.5
2026,2,5,10,721.78
2026,2,5,11,797.95
2026,2,5,12,784.62
2026,2,5,13,715.72
2026,2,5,14,536.92
2026,2,5,15,352.17
2026,2,5,16,155.15
2026,2,5,17,7.85
2026,2,5,18,0
2026,2,5,19,0
2026,2,5,20,0
2026,2,5,21,0
2026,2,5,22,0
2026,2,5,23,0
2026,2,6,0,0
2026,2,6,1,0
2026,2,6,2,0
2026,2,6,3,0
2026,2,6,4,0
2026,2,6,5,0
2026,2,6,6,16.73
2026,2,6,7,197.48
2026,2,6,8,421.23
2026,2,6,9,613.35
2026,2,6,10,749.67
2026,2,6,11,818.08
2026,2,6,12,814.05
2026,2,6,13,739.8
2026,2,6,14,594.42
2026,2,6,15,396.15
2026,2,6,16,170.15
2026,2,6,17,9.27
2026,2,6,18,0
2026,2,6,19,0
2026,2,6,20,0
2026,2,6,21,0
2026,2,6,22,0
2026,2,6,23,0
2026,2,7,0,0
2026,2,7,1,0
2026,2,7,2,0
2026,2,7,3,0
2026,2,7,4,0
2026,2,7,5,0
2026,2,7,6,15.07
2026,2,7,7,189.57
2026,2,7,8,398.8
2026,2,7,9,594.8
2026,2,7,10,740.6
2026,2,7,11,816.05
2026,2,7,12,799.22
2026,2,7,13,730.08
2026,2,7,14,592.67
2026,2,7,15,381.48
2026,2,7,16,157.88
2026,2,7,17,8.6
2026,2,7,18,0
2026,2,7,19,0
2026,2,7,20,0
2026,2,7,21,0
2026,2,7,22,0
2026,2,7,23,0
2026,2,8,0,0
2026,2,8,1,0
2026,2,8,2,0
2026,2,8,3,0
2026,2,8,4,0
2026,2,8,5,0
2026,2,8,6,16.2
2026,2,8,7,179.85
2026,2,8,8,380.88
2026,2,8,9,561.35
2026,2,8,10,688.62
2026,2,8,11,754.62
2026,2,8,12,748.62
2026,2,8,13,608.4
2026,2,8,14,432.58
2026,2,8,15,286.73
2026,2,8,16,120.75
2026,2,8,17,8.6
2026,2,8,18,0
2026,2,8,19,0
2026,2,8,20,0
2026,2,8,21,0
2026,2,8,22,0
2026,2,8,23,0
2026,2,9,0,0
2026,2,9,1,0
2026,2,9,2,0
2026,2,9,3,0
2026,2,9,4,0
2026,2,9,5,0
2026,2,9,6,18.15
2026,2,9,7,200.73
2026,2,9,8,422.8
2026,2,9,9,621.72
2026,2,9,10,759.45
2026,2,9,11,820.08
2026,2,9,12,810.28
2026,2,9,13,735.75
2026,2,9,14,590.62
2026,2,9,15,392.4
2026,2,9,16,165.23
2026,2,9,17,9.98
2026,2,9,18,0
2026,2,9,19,0
2026,2,9,20,0
2026,2,9,21,0
2026,2,9,22,0
2026,2,9,23,0
2026,2,10,0,0
2026,2,10,1,0
2026,2,10,2,0
2026,2,10,3,0
2026,2,10,4,0
2026,2,10,5,0
2026,2,10,6,12.88
2026,2,10,7,114.7
2026,2,10,8,240.85
2026,2,10,9,367.08
2026,2,10,10,526.85
2026,2,10,11,637.55
2026,2,10,12,672.72
2026,2,10,13,521.78
2026,2,10,14,341.3
2026,2,10,15,230.2
2026,2,10,16,113.07
2026,2,10,17,9.12
2026,2,10,18,0
2026,2,10,19,0
2026,2,10,20,0
2026,2,10,21,0
2026,2,10,22,0
2026,2,10,23,0
2026,2,11,0,0
2026,2,11,1,0
2026,2,11,2,0
2026,2,11,3,0
2026,2,11,4,0
2026,2,11,5,0
2026,2,11,6,16.98
2026,2,11,7,177.88
2026,2,11,8,382.85
2026,2,11,9,557.92
2026,2,11,10,676.17
2026,2,11,11,791.2
2026,2,11,12,783.75
2026,2,11,13,700.72
2026,2,11,14,539.17
2026,2,11,15,348.42
2026,2,11,16,151.02
2026,2,11,17,9.43
2026,2,11,18,0
2026,2,11,19,0
2026,2,11,20,0
2026,2,11,21,0
2026,2,11,22,0
2026,2,11,23,0
2026,2,12,0,0
2026,2,12,1,0
2026,2,12,2,0
2026,2,12,3,0
2026,2,12,4,0
2026,2,12,5,0
2026,2,12,6,17.65
2026,2,12,7,173.1
2026,2,12,8,363.5
2026,2,12,9,549.7
2026,2,12,10,680.33
2026,2,12,11,747.78
2026,2,12,12,731.72
2026,2,12,13,683.28
2026,2,12,14,570.78
2026,2,12,15,376.25
2026,2,12,16,166.77
2026,2,12,17,11.27
2026,2,12,18,0
2026,2,12,19,0
2026,2,12,20,0
2026,2,12,21,0
2026,2,12,22,0
2026,2,12,23,0
2026,2,13,0,0
2026,2,13,1,0
2026,2,13,2,0
2026,2,13,3,0
2026,2,13,4,0
2026,2,13,5,0
2026,2,13,6,20.12
2026,2,13,7,195.25
2026,2,13,8,410.6
2026,2,13,9,602.2
2026,2,13,10,741.62
2026,2,13,11,805.12
2026,2,13,12,751.1
2026,2,13,13,707.83
2026,2,13,14,565.83
2026,2,13,15,365.77
2026,2,13,16,159.5
2026,2,13,17,10.4
2026,2,13,18,0
2026,2,13,19,0
2026,2,13,20,0
2026,2,13,21,0
2026,2,13,22,0
2026,2,13,23,0
2026,2,14,0,0
2026,2,14,1,0
2026,2,14,2,0
2026,2,14,3,0
2026,2,14,4,0
2026,2,14,5,0
2026,2,14,6,24.88
2026,2,14,7,220.18
2026,2,14,8,451.4
2026,2,14,9,646.95
2026,2,14,10,790.42
2026,2,14,11,859.95
2026,2,14,12,863.03
2026,2,14,13,793.25
2026,2,14,14,647.72
2026,2,14,15,447.15
2026,2,14,16,211.52
2026,2,14,17,17.58
2026,2,14,18,0
2026,2,14,19,0
2026,2,14,20,0
2026,2,14,21,0
2026,2,14,22,0
2026,2,14,23,0
2026,2,15,0,0
2026,2,15,1,0
2026,2,15,2,0
2026,2,15,3,0
2026,2,15,4,0
2026,2,15,5,0
2026,2,15,6,30.5
2026,2,15,7,242.62
2026,2,15,8,476.65
2026,2,15,9,674.72
2026,2,15,10,816.78
2026,2,15,11,879.65
2026,2,15,12,848.65
2026,2,15,13,773.88
2026,2,15,14,582.83
2026,2,15,15,391.62
2026,2,15,16,182.95
2026,2,15,17,15.7
2026,2,15,18,0
2026,2,15,19,0
2026,2,15,20,0
2026,2,15,21,0
2026,2,15,22,0
2026,2,15,23,0
2026,2,16,0,0
2026,2,16,1,0
2026,2,16,2,0
2026,2,16,3,0
2026,2,16,4,0
2026,2,16,5,0
2026,2,16,6,26.67
2026,2,16,7,224.5
2026,2,16,8,456.33
2026,2,16,9,648.72
2026,2,16,10,789.53
2026,2,16,11,857.5
2026,2,16,12,858.88
2026,2,16,13,778.92
2026,2,16,14,629.9
2026,2,16,15,426.48
2026,2,16,16,194.8
2026,2,16,17,15.3
2026,2,16,18,0
2026,2,16,19,0
2026,2,16,20,0
2026,2,16,21,0
2026,2,16,22,0
2026,2,16,23,0
2026,2,17,0,0
2026,2,17,1,0
2026,2,17,2,0
2026,2,17,3,0
2026,2,17,4,0
2026,2,17,5,0
2026,2,17,6,29.35
2026,2,17,7,236.95
2026,2,17,8,473.5
2026,2,17,9,671.92
2026,2,17,10,814.1
2026,2,17,11,880.5
2026,2,17,12,879.6
2026,2,17,13,800.25
2026,2,17,14,652.95
2026,2,17,15,449.38
2026,2,17,16,213.57
2026,2,17,17,19
2026,2,17,18,0
2026,2,17,19,0
2026,2,17,20,0
2026,2,17,21,0
2026,2,17,22,0
2026,2,17,23,0
2026,2,18,0,0
2026,2,18,1,0
2026,2,18,2,0
2026,2,18,3,0
2026,2,18,4,0
2026,2,18,5,0
2026,2,18,6,30.42
2026,2,18,7,229.05
2026,2,18,8,453.12
2026,2,18,9,654.75
2026,2,18,10,772.5
2026,2,18,11,801.65
2026,2,18,12,847.12
2026,2,18,13,709.8
2026,2,18,14,593.78
2026,2,18,15,392.1
2026,2,18,16,178.18
2026,2,18,17,13.75
2026,2,18,18,0
2026,2,18,19,0
2026,2,18,20,0
2026,2,18,21,0
2026,2,18,22,0
2026,2,18,23,0
2026,2,19,0,0
2026,2,19,1,0
2026,2,19,2,0
2026,2,19,3,0
2026,2,19,4,0
2026,2,19,5,0
2026,2,19,6,24
2026,2,19,7,204.35
2026,2,19,8,404.25
2026,2,19,9,574.15
2026,2,19,10,731.12
2026,2,19,11,830.9
2026,2,19,12,824.83
2026,2,19,13,763.5
2026,2,19,14,616.92
2026,2,19,15,424.92
2026,2,19,16,205.93
2026,2,19,17,20.1
2026,2,19,18,0
2026,2,19,19,0
2026,2,19,20,0
2026,2,19,21,0
2026,2,19,22,0
2026,2,19,23,0
2026,2,20,0,0
2026,2,20,1,0
2026,2,20,2,0
2026,2,20,3,0
2026,2,20,4,0
2026,2,20,5,0
2026,2,20,6,38.4
2026,2,20,7,260.77
2026,2,20,8,494.4
2026,2,20,9,691.25
2026,2,20,10,832.5
2026,2,20,11,900.85
2026,2,20,12,899.03
2026,2,20,13,821.08
2026,2,20,14,670.42
2026,2,20,15,463.42
2026,2,20,16,222.05
2026,2,20,17,20.62
2026,2,20,18,0
2026,2,20,19,0
2026,2,20,20,0
2026,2,20,21,0
2026,2,20,22,0
2026,2,20,23,0
2026,2,21,0,0
2026,2,21,1,0
2026,2,21,2,0
2026,2,21,3,0
2026,2,21,4,0
2026,2,21,5,0
2026,2,21,6,30.3
2026,2,21,7,229.18
2026,2,21,8,455.92
2026,2,21,9,653.8
2026,2,21,10,796.25
2026,2,21,11,831.62
2026,2,21,12,711.03
2026,2,21,13,646.92
2026,2,21,14,484.92
2026,2,21,15,306.9
2026,2,21,16,134.7
2026,2,21,17,10.75
2026,2,21,18,0
2026,2,21,19,0
2026,2,21,20,0
2026,2,21,21,0
2026,2,21,22,0
2026,2,21,23,0
2026,2,22,0,0
2026,2,22,1,0
2026,2,22,2,0
2026,2,22,3,0
2026,2,22,4,0
2026,2,22,5,0
2026,2,22,6,36.83
2026,2,22,7,248.32
2026,2,22,8,469.33
2026,2,22,9,663.17
2026,2,22,10,829.6
2026,2,22,11,882.45
2026,2,22,12,863.95
2026,2,22,13,798.42
2026,2,22,14,655.42
2026,2,22,15,453
2026,2,22,16,219.23
2026,2,22,17,21.77
2026,2,22,18,0
2026,2,22,19,0
2026,2,22,20,0
2026,2,22,21,0
2026,2,22,22,0
2026,2,22,23,0
2026,2,23,0,0
2026,2,23,1,0
2026,2,23,2,0
2026,2,23,3,0
2026,2,23,4,0
2026,2,23,5,0
2026,2,23,6,33.97
2026,2,23,7,238.68
2026,2,23,8,474.1
2026,2,23,9,671.83
2026,2,23,10,813.35
2026,2,23,11,855.22
2026,2,23,12,822.05
2026,2,23,13,755.5
2026,2,23,14,624.35
2026,2,23,15,421.95
2026,2,23,16,204.73
2026,2,23,17,20.15
2026,2,23,18,0
2026,2,23,19,0
2026,2,23,20,0
2026,2,23,21,0
2026,2,23,22,0
2026,2,23,23,0
2026,2,24,0,0
2026,2,24,1,0
2026,2,24,2,0
2026,2,24,3,0
2026,2,24,4,0
2026,2,24,5,0
2026,2,24,6,39.25
2026,2,24,7,259.27
2026,2,24,8,478.92
2026,2,24,9,675.92
2026,2,24,10,819.85
2026,2,24,11,892.33
2026,2,24,12,891.67
2026,2,24,13,816.17
2026,2,24,14,666.35
2026,2,24,15,461
2026,2,24,16,223.23
2026,2,24,17,22.88
2026,2,24,18,0
2026,2,24,19,0
2026,2,24,20,0
2026,2,24,21,0
2026,2,24,22,0
2026,2,24,23,0
2026,2,25,0,0
2026,2,25,1,0
2026,2,25,2,0
2026,2,25,3,0
2026,2,25,4,0
2026,2,25,5,0
2026,2,25,6,41.33
2026,2,25,7,258.5
2026,2,25,8,488.3
2026,2,25,9,686.72
2026,2,25,10,829.38
2026,2,25,11,901.6
2026,2,25,12,899.12
2026,2,25,13,816
2026,2,25,14,664.22
2026,2,25,15,456.98
2026,2,25,16,219.57
2026,2,25,17,22.48
2026,2,25,18,0
2026,2,25,19,0
2026,2,25,20,0
2026,2,25,21,0
2026,2,25,22,0
2026,2,25,23,0
2026,2,26,0,0
2026,2,26,1,0
2026,2,26,2,0
2026,2,26,3,0
2026,2,26,4,0
2026,2,26,5,0
2026,2,26,6,39.92
2026,2,26,7,253.7
2026,2,26,8,476.42
2026,2,26,9,671.88
2026,2,26,10,811.95
2026,2,26,11,887.8
2026,2,26,12,882.8
2026,2,26,13,803.2
2026,2,26,14,651.53
2026,2,26,15,446.38
2026,2,26,16,214.05
2026,2,26,17,22.1
2026,2,26,18,0
2026,2,26,19,0
2026,2,26,20,0
2026,2,26,21,0
2026,2,26,22,0
2026,2,26,23,0
2026,2,27,0,0
2026,2,27,1,0
2026,2,27,2,0
2026,2,27,3,0
2026,2,27,4,0
2026,2,27,5,0
2026,2,27,6,42.58
2026,2,27,7,258.35
2026,2,27,8,485.73
2026,2,27,9,683.12
2026,2,27,10,822.53
2026,2,27,11,892.55
2026,2,27,12,886.67
2026,2,27,13,804.05
2026,2,27,14,651.08
2026,2,27,15,445.15
2026,2,27,16,212.57
2026,2,27,17,22.3
2026,2,27,18,0
2026,2,27,19,0
2026,2,27,20,0
2026,2,27,21,0
2026,2,27,22,0
2026,2,27,23,0
2026,2,28,0,0
2026,2,28,1,0
2026,2,28,2,0
2026,2,28,3,0
2026,2,28,4,0
2026,2,28,5,0
2026,2,28,6,37.42
2026,2,28,7,217.6
2026,2,28,8,385.1
2026,2,28,9,593.58
2026,2,28,10,792.67
2026,2,28,11,878.15
2026,2,28,12,880.9
2026,2,28,13,797.97
2026,2,28,14,646.42
2026,2,28,15,441.98
2026,2,28,16,211.5
2026,2,28,17,31.4
2026,2,28,18,0
2026,2,28,19,0
2026,2,28,20,0
2026,2,28,21,0
2026,2,28,22,0
2026,2,28,23,0
2026,3,1,0,0
2026,3,1,1,0
2026,3,1,2,0
2026,3,1,3,0
2026,3,1,4,0
2026,3,1,5,0
2026,3,1,6,52.22
2026,3,1,7,233.38
2026,3,1,8,398.05
2026,3,1,9,586.9
2026,3,1,10,735
2026,3,1,11,841.03
2026,3,1,12,861.55
2026,3,1,13,815.25
2026,3,1,14,670.67
2026,3,1,15,470.27
2026,3,1,16,239.57
2026,3,1,17,30.58
2026,3,1,18,0
2026,3,1,19,0
2026,3,1,20,0
2026,3,1,21,0
2026,3,1,22,0
2026,3,1,23,0
2026,3,2,0,0
2026,3,2,1,0
2026,3,2,2,0
2026,3,2,3,0
2026,3,2,4,0
2026,3,2,5,0
2026,3,2,6,56.5
2026,3,2,7,258.45
2026,3,2,8,454.58
2026,3,2,9,625.88
2026,3,2,10,830.78
2026,3,2,11,915.25
2026,3,2,12,925.6
2026,3,2,13,838.33
2026,3,2,14,685.47
2026,3,2,15,479.83
2026,3,2,16,243.1
2026,3,2,17,31
2026,3,2,18,0
2026,3,2,19,0
2026,3,2,20,0
2026,3,2,21,0
2026,3,2,22,0
2026,3,2,23,0
2026,3,3,0,0
2026,3,3,1,0
2026,3,3,2,0
2026,3,3,3,0
2026,3,3,4,0
2026,3,3,5,0
2026,3,3,6,58.35
2026,3,3,7,271.75
2026,3,3,8,493.1
2026,3,3,9,654.75
2026,3,3,10,791.08
2026,3,3,11,924.95
2026,3,3,12,916.65
2026,3,3,13,826.03
2026,3,3,14,664.62
2026,3,3,15,459.73
2026,3,3,16,228.95
2026,3,3,17,27.73
2026,3,3,18,0
2026,3,3,19,0
2026,3,3,20,0
2026,3,3,21,0
2026,3,3,22,0
2026,3,3,23,0
2026,3,4,0,0
2026,3,4,1,0
2026,3,4,2,0
2026,3,4,3,0
2026,3,4,4,0
2026,3,4,5,0
2026,3,4,6,47.78
2026,3,4,7,234.43
2026,3,4,8,437.4
2026,3,4,9,606.42
2026,3,4,10,722.6
2026,3,4,11,823.75
2026,3,4,12,799.88
2026,3,4,13,659.33
2026,3,4,14,465.73
2026,3,4,15,304.55
2026,3,4,16,143.65
2026,3,4,17,17.05
2026,3,4,18,0
2026,3,4,19,0
2026,3,4,20,0
2026,3,4,21,0
2026,3,4,22,0
2026,3,4,23,0
2026,3,5,0,0
2026,3,5,1,0
2026,3,5,2,0
2026,3,5,3,0
2026,3,5,4,0
2026,3,5,5,0
2026,3,5,6,39.5
2026,3,5,7,197.43
2026,3,5,8,387.08
2026,3,5,9,587.3
2026,3,5,10,739.1
2026,3,5,11,818.85
2026,3,5,12,688.72
2026,3,5,13,484.38
2026,3,5,14,236.25
2026,3,5,15,225.75
2026,3,5,16,122.05
2026,3,5,17,18.5
2026,3,5,18,0
2026,3,5,19,0
2026,3,5,20,0
2026,3,5,21,0
2026,3,5,22,0
2026,3,5,23,0
2026,3,6,0,0
2026,3,6,1,0
2026,3,6,2,0
2026,3,6,3,0
2026,3,6,4,0
2026,3,6,5,0
2026,3,6,6,62.67
2026,3,6,7,293.85
2026,3,6,8,534.03
2026,3,6,9,734.53
2026,3,6,10,837.1
2026,3,6,11,848.78
2026,3,6,12,803
2026,3,6,13,702.95
2026,3,6,14,528.85
2026,3,6,15,362.75
2026,3,6,16,183.65
2026,3,6,17,24.38
2026,3,6,18,0
2026,3,6,19,0
2026,3,6,20,0
2026,3,6,21,0
2026,3,6,22,0
2026,3,6,23,0
2026,3,7,0,0
2026,3,7,1,0
2026,3,7,2,0
2026,3,7,3,0
2026,3,7,4,0
2026,3,7,5,0
2026,3,7,6,64.8
2026,3,7,7,290.52
2026,3,7,8,527.5
2026,3,7,9,724.95
2026,3,7,10,842.8
2026,3,7,11,833.12
2026,3,7,12,794.85
2026,3,7,13,686.33
2026,3,7,14,540.83
2026,3,7,15,350.4
2026,3,7,16,160.85
2026,3,7,17,19.25
2026,3,7,18,0
2026,3,7,19,0
2026,3,7,20,0
2026,3,7,21,0
2026,3,7,22,0
2026,3,7,23,0
2026,3,8,0,0
2026,3,8,1,0
2026,3,8,2,0
2026,3,8,3,0
2026,3,8,4,0
2026,3,8,5,0
2026,3,8,6,34.97
2026,3,8,7,156.3
2026,3,8,8,245.45
2026,3,8,9,403.67
2026,3,8,10,525.25
2026,3,8,11,515.72
2026,3,8,12,571.08
2026,3,8,13,397.4
2026,3,8,14,262.33
2026,3,8,15,171.2
2026,3,8,16,80.75
2026,3,8,17,10.4
2026,3,8,18,0
2026,3,8,19,0
2026,3,8,20,0
2026,3,8,21,0
2026,3,8,22,0
2026,3,8,23,0
2026,3,9,0,0
2026,3,9,1,0
2026,3,9,2,0
2026,3,9,3,0
2026,3,9,4,0
2026,3,9,5,0
2026,3,9,6,47.67
2026,3,9,7,213.62
2026,3,9,8,410.73
2026,3,9,9,570.53
2026,3,9,10,728.65
2026,3,9,11,696.4
2026,3,9,12,598.92
2026,3,9,13,471.52
2026,3,9,14,298.65
2026,3,9,15,217.5
2026,3,9,16,111.32
2026,3,9,17,15.98
2026,3,9,18,0
2026,3,9,19,0
2026,3,9,20,0
2026,3,9,21,0
2026,3,9,22,0
2026,3,9,23,0
2026,3,10,0,0
2026,3,10,1,0
2026,3,10,2,0
2026,3,10,3,0
2026,3,10,4,0
2026,3,10,5,0
2026,3,10,6,56.12
2026,3,10,7,257.2
2026,3,10,8,488.9
2026,3,10,9,659.88
2026,3,10,10,663.45
2026,3,10,11,809.17
2026,3,10,12,759.08
2026,3,10,13,567.03
2026,3,10,14,409.52
2026,3,10,15,272
2026,3,10,16,141.93
2026,3,10,17,19.15
2026,3,10,18,0
2026,3,10,19,0
2026,3,10,20,0
2026,3,10,21,0
2026,3,10,22,0
2026,3,10,23,0
2026,3,11,0,0
2026,3,11,1,0
2026,3,11,2,0
2026,3,11,3,0
2026,3,11,4,0
2026,3,11,5,0
2026,3,11,6,96.15
2026,3,11,7,347.02
2026,3,11,8,590.65
2026,3,11,9,790.22
2026,3,11,10,929.85
2026,3,11,11,989.42
2026,3,11,12,972.12
2026,3,11,13,860.72
2026,3,11,14,718.2
2026,3,11,15,508.25
2026,3,11,16,264.12
2026,3,11,17,40.1
2026,3,11,18,0
2026,3,11,19,0
2026,3,11,20,0
2026,3,11,21,0
2026,3,11,22,0
2026,3,11,23,0
2026,3,12,0,0
2026,3,12,1,0
2026,3,12,2,0
2026,3,12,3,0
2026,3,12,4,0
2026,3,12,5,0
2026,3,12,6,83.43
2026,3,12,7,314.5
2026,3,12,8,557.85
2026,3,12,9,756.8
2026,3,12,10,893.92
2026,3,12,11,964.42
2026,3,12,12,955.08
2026,3,12,13,875.45
2026,3,12,14,720.33
2026,3,12,15,510.45
2026,3,12,16,266.98
2026,3,12,17,41.28
2026,3,12,18,0
2026,3,12,19,0
2026,3,12,20,0
2026,3,12,21,0
2026,3,12,22,0
2026,3,12,23,0
2026,3,13,0,0
2026,3,13,1,0
2026,3,13,2,0
2026,3,13,3,0
2026,3,13,4,0
2026,3,13,5,0
2026,3,13,6,89.53
2026,3,13,7,325.8
2026,3,13,8,559.8
2026,3,13,9,757.72
2026,3,13,10,895.35
2026,3,13,11,960.92
2026,3,13,12,951.47
2026,3,13,13,866.5
2026,3,13,14,708.67
2026,3,13,15,497.3
2026,3,13,16,254.88
2026,3,13,17,37.2
2026,3,13,18,0
2026,3,13,19,0
2026,3,13,20,0
2026,3,13,21,0
2026,3,13,22,0
2026,3,13,23,0
2026,3,14,0,0
2026,3,14,1,0
2026,3,14,2,0
2026,3,14,3,0
2026,3,14,4,0
2026,3,14,5,0
2026,3,14,6,83.7
2026,3,14,7,320.35
2026,3,14,8,555.28
2026,3,14,9,753.97
2026,3,14,10,881.42
2026,3,14,11,950.53
2026,3,14,12,910.22
2026,3,14,13,793.42
2026,3,14,14,674.33
2026,3,14,15,471.8
2026,3,14,16,235.35
2026,3,14,17,34.42
2026,3,14,18,0
2026,3,14,19,0
2026,3,14,20,0
2026,3,14,21,0
2026,3,14,22,0
2026,3,14,23,0
2026,3,15,0,0
2026,3,15,1,0
2026,3,15,2,0
2026,3,15,3,0
2026,3,15,4,0
2026,3,15,5,0
2026,3,15,6,99.6
2026,3,15,7,344.38
2026,3,15,8,589.8
2026,3,15,9,787.1
2026,3,15,10,924.33
2026,3,15,11,973.12
2026,3,15,12,957.17
2026,3,15,13,881.67
2026,3,15,14,704.1
2026,3,15,15,477.62
2026,3,15,16,249.32
2026,3,15,17,35.92
2026,3,15,18,0
2026,3,15,19,0
2026,3,15,20,0
2026,3,15,21,0
2026,3,15,22,0
2026,3,15,23,0
2026,3,16,0,0
2026,3,16,1,0
2026,3,16,2,0
2026,3,16,3,0
2026,3,16,4,0
2026,3,16,5,0
2026,3,16,6,107.28
2026,3,16,7,354.52
2026,3,16,8,596.8
2026,3,16,9,796.17
2026,3,16,10,934.58
2026,3,16,11,995.65
2026,3,16,12,982.03
2026,3,16,13,891.65
2026,3,16,14,731.85
2026,3,16,15,515.97
2026,3,16,16,257.38
2026,3,16,17,37.38
2026,3,16,18,0
2026,3,16,19,0
2026,3,16,20,0
2026,3,16,21,0
2026,3,16,22,0
2026,3,16,23,0
2026,3,17,0,0
2026,3,17,1,0
2026,3,17,2,0
2026,3,17,3,0
2026,3,17,4,0
2026,3,17,5,0
2026,3,17,6,91.3
2026,3,17,7,311.65
2026,3,17,8,556.97
2026,3,17,9,754.53
2026,3,17,10,897.12
2026,3,17,11,975.35
2026,3,17,12,973.12
2026,3,17,13,887.25
2026,3,17,14,733.08
2026,3,17,15,523.55
2026,3,17,16,278.85
2026,3,17,17,47.45
2026,3,17,18,0
2026,3,17,19,0
2026,3,17,20,0
2026,3,17,21,0
2026,3,17,22,0
2026,3,17,23,0
2026,3,18,0,0
2026,3,18,1,0
2026,3,18,2,0
2026,3,18,3,0
2026,3,18,4,0
2026,3,18,5,0
2026,3,18,6,114.62
2026,3,18,7,358.77
2026,3,18,8,600.58
2026,3,18,9,794.95
2026,3,18,10,929.15
2026,3,18,11,988.4
2026,3,18,12,974.17
2026,3,18,13,884.1
2026,3,18,14,725.88
2026,3,18,15,513.85
2026,3,18,16,269.92
2026,3,18,17,44.53
2026,3,18,18,0
2026,3,18,19,0
2026,3,18,20,0
2026,3,18,21,0
2026,3,18,22,0
2026,3,18,23,0
2026,3,19,0,0
2026,3,19,1,0
2026,3,19,2,0
2026,3,19,3,0
2026,3,19,4,0
2026,3,19,5,0
2026,3,19,6,107
2026,3,19,7,327.27
2026,3,19,8,539.92
2026,3,19,9,762.72
2026,3,19,10,897.83
2026,3,19,11,963.58
2026,3,19,12,960.78
2026,3,19,13,879.97
2026,3,19,14,724.05
2026,3,19,15,513.08
2026,3,19,16,270.42
2026,3,19,17,45.53
2026,3,19,18,0
2026,3,19,19,0
2026,3,19,20,0
2026,3,19,21,0
2026,3,19,22,0
2026,3,19,23,0
2026,3,20,0,0
2026,3,20,1,0
2026,3,20,2,0
2026,3,20,3,0
2026,3,20,4,0
2026,3,20,5,0
2026,3,20,6,121.85
2026,3,20,7,363.73
2026,3,20,8,598.42
2026,3,20,9,794.28
2026,3,20,10,930.3
2026,3,20,11,982.83
2026,3,20,12,973.62
2026,3,20,13,882.88
2026,3,20,14,726.58
2026,3,20,15,516.95
2026,3,20,16,273.02
2026,3,20,17,47.08
2026,3,20,18,0
2026,3,20,19,0
2026,3,20,20,0
2026,3,20,21,0
2026,3,20,22,0
2026,3,20,23,0
2026,3,21,0,0
2026,3,21,1,0
2026,3,21,2,0
2026,3,21,3,0
2026,3,21,4,0
2026,3,21,5,0
2026,3,21,6,128.77
2026,3,21,7,369.33
2026,3,21,8,600.5
2026,3,21,9,794.65
2026,3,21,10,930.78
2026,3,21,11,989.53
2026,3,21,12,983.08
2026,3,21,13,894.92
2026,3,21,14,733.1
2026,3,21,15,523.38
2026,3,21,16,278.1
2026,3,21,17,50.5
2026,3,21,18,0
2026,3,21,19,0
2026,3,21,20,0
2026,3,21,21,0
2026,3,21,22,0
2026,3,21,23,0
2026,3,22,0,0
2026,3,22,1,0
2026,3,22,2,0
2026,3,22,3,0
2026,3,22,4,0
2026,3,22,5,0
2026,3,22,6,135.02
2026,3,22,7,372.77
2026,3,22,8,603.78
2026,3,22,9,800.28
2026,3,22,10,939.92
2026,3,22,11,1005
2026,3,22,12,995.88
2026,3,22,13,905.78
2026,3,22,14,747.1
2026,3,22,15,533.1
2026,3,22,16,285.8
2026,3,22,17,52.83
2026,3,22,18,0
2026,3,22,19,0
2026,3,22,20,0
2026,3,22,21,0
2026,3,22,22,0
2026,3,22,23,0
2026,3,23,0,0
2026,3,23,1,0
2026,3,23,2,0
2026,3,23,3,0
2026,3,23,4,0
2026,3,23,5,0
2026,3,23,6,140.25
2026,3,23,7,382.4
2026,3,23,8,612.2
2026,3,23,9,804.55
2026,3,23,10,936.2
2026,3,23,11,988.15
2026,3,23,12,981.1
2026,3,23,13,877.45
2026,3,23,14,730.9
2026,3,23,15,520.55
2026,3,23,16,274.5
2026,3,23,17,47.83
2026,3,23,18,0
2026,3,23,19,0
2026,3,23,20,0
2026,3,23,21,0
2026,3,23,22,0
2026,3,23,23,0
2026,3,24,0,0
2026,3,24,1,0
2026,3,24,2,0
2026,3,24,3,0
2026,3,24,4,0
2026,3,24,5,0
2026,3,24,6,139.27
2026,3,24,7,383.08
2026,3,24,8,620.65
2026,3,24,9,818.72
2026,3,24,10,954.95
2026,3,24,11,1006.75
2026,3,24,12,992.05
2026,3,24,13,897.1
2026,3,24,14,737.53
2026,3,24,15,525.3
2026,3,24,16,280.02
2026,3,24,17,51.17
2026,3,24,18,0
2026,3,24,19,0
2026,3,24,20,0
2026,3,24,21,0
2026,3,24,22,0
2026,3,24,23,0
2026,3,25,0,0
2026,3,25,1,0
2026,3,25,2,0
2026,3,25,3,0
2026,3,25,4,0
2026,3,25,5,0
2026,3,25,6,141.27
2026,3,25,7,374.25
2026,3,25,8,612
2026,3,25,9,807.38
2026,3,25,10,944.1
2026,3,25,11,995.58
2026,3,25,12,979.05
2026,3,25,13,885.78
2026,3,25,14,723.45
2026,3,25,15,509.02
2026,3,25,16,267.23
2026,3,25,17,47.97
2026,3,25,18,0
2026,3,25,19,0
2026,3,25,20,0
2026,3,25,21,0
2026,3,25,22,0
2026,3,25,23,0
2026,3,26,0,0
2026,3,26,1,0
2026,3,26,2,0
2026,3,26,3,0
2026,3,26,4,0
2026,3,26,5,0
2026,3,26,6,144.62
2026,3,26,7,378.58
2026,3,26,8,621.12
2026,3,26,9,816.15
2026,3,26,10,949.83
2026,3,26,11,1006.6
2026,3,26,12,988.53
2026,3,26,13,894.67
2026,3,26,14,734.65
2026,3,26,15,522.88
2026,3,26,16,279.3
2026,3,26,17,52.35
2026,3,26,18,0
2026,3,26,19,0
2026,3,26,20,0
2026,3,26,21,0
2026,3,26,22,0
2026,3,26,23,0
2026,3,27,0,0
2026,3,27,1,0
2026,3,27,2,0
2026,3,27,3,0
2026,3,27,4,0
2026,3,27,5,4.18
2026,3,27,6,140.07
2026,3,27,7,366.42
2026,3,27,8,590.33
2026,3,27,9,805.22
2026,3,27,10,958.67
2026,3,27,11,1023.85
2026,3,27,12,1003.95
2026,3,27,13,910.03
2026,3,27,14,745
2026,3,27,15,526.53
2026,3,27,16,279.7
2026,3,27,17,52.42
2026,3,27,18,0
2026,3,27,19,0
2026,3,27,20,0
2026,3,27,21,0
2026,3,27,22,0
2026,3,27,23,0
2026,3,28,0,0
2026,3,28,1,0
2026,3,28,2,0
2026,3,28,3,0
2026,3,28,4,0
2026,3,28,5,3.4
2026,3,28,6,83.78
2026,3,28,7,200.2
2026,3,28,8,307.1
2026,3,28,9,449.95
2026,3,28,10,605.6
2026,3,28,11,686.05
2026,3,28,12,773.67
2026,3,28,13,685.78
2026,3,28,14,568
2026,3,28,15,424.3
2026,3,28,16,233.15
2026,3,28,17,48.65
2026,3,28,18,0
2026,3,28,19,0
2026,3,28,20,0
2026,3,28,21,0
2026,3,28,22,0
2026,3,28,23,0
2026,3,29,0,0
2026,3,29,1,0
2026,3,29,2,0
2026,3,29,3,0
2026,3,29,4,0
2026,3,29,5,4.43
2026,3,29,6,134.62
2026,3,29,7,353.02
2026,3,29,8,588.03
2026,3,29,9,760.22
2026,3,29,10,893
2026,3,29,11,922.42
2026,3,29,12,888.33
2026,3,29,13,717.1
2026,3,29,14,621.38
2026,3,29,15,426.3
2026,3,29,16,214.73
2026,3,29,17,39.38
2026,3,29,18,0
2026,3,29,19,0
2026,3,29,20,0
2026,3,29,21,0
2026,3,29,22,0
2026,3,29,23,0
2026,3,30,0,0
2026,3,30,1,0
2026,3,30,2,0
2026,3,30,3,0
2026,3,30,4,0
2026,3,30,5,5.03
2026,3,30,6,125.78
2026,3,30,7,320.6
2026,3,30,8,506.25
2026,3,30,9,718.03
2026,3,30,10,861.6
2026,3,30,11,872.7
2026,3,30,12,832.17
2026,3,30,13,702.12
2026,3,30,14,577.25
2026,3,30,15,368.02
2026,3,30,16,178.9
2026,3,30,17,32.28
2026,3,30,18,0
2026,3,30,19,0
2026,3,30,20,0
2026,3,30,21,0
2026,3,30,22,0
2026,3,30,23,0
2026,3,31,0,0
2026,3,31,1,0
2026,3,31,2,0
2026,3,31,3,0
2026,3,31,4,0
2026,3,31,5,5.05
2026,3,31,6,127.55
2026,3,31,7,349.62
2026,3,31,8,581.62
2026,3,31,9,743.45
2026,3,31,10,789.38
2026,3,31,11,821.8
2026,3,31,12,712.05
2026,3,31,13,616.65
2026,3,31,14,484.55
2026,3,31,15,296.3
2026,3,31,16,146.65
2026,3,31,17,31.33
2026,3,31,18,0
2026,3,31,19,0
2026,3,31,20,0
2026,3,31,21,0
2026,3,31,22,0
2026,3,31,23,0
2026,4,1,0,0
2026,4,1,1,0
2026,4,1,2,0
2026,4,1,3,0
2026,4,1,4,0
2026,4,1,5,7.9
2026,4,1,6,171.27
2026,4,1,7,413.77
2026,4,1,8,641.42
2026,4,1,9,819.53
2026,4,1,10,919.67
2026,4,1,11,914.62
2026,4,1,12,848.97
2026,4,1,13,729.25
2026,4,1,14,578.12
2026,4,1,15,414.45
2026,4,1,16,214.68
2026,4,1,17,44.08
2026,4,1,18,0
2026,4,1,19,0
2026,4,1,20,0
2026,4,1,21,0
2026,4,1,22,0
2026,4,1,23,0
2026,4,2,0,0
2026,4,2,1,0
2026,4,2,2,0
2026,4,2,3,0
2026,4,2,4,0
2026,4,2,5,7.12
2026,4,2,6,152.48
2026,4,2,7,380.77
2026,4,2,8,610.05
2026,4,2,9,777
2026,4,2,10,831.25
2026,4,2,11,785.47
2026,4,2,12,773.67
2026,4,2,13,599.15
2026,4,2,14,485.55
2026,4,2,15,345.98
2026,4,2,16,164.5
2026,4,2,17,31.33
2026,4,2,18,0
2026,4,2,19,0
2026,4,2,20,0
2026,4,2,21,0
2026,4,2,22,0
2026,4,2,23,0
2026,4,3,0,0
2026,4,3,1,0
2026,4,3,2,0
2026,4,3,3,0
2026,4,3,4,0
2026,4,3,5,6.5
2026,4,3,6,126.78
2026,4,3,7,313.35
2026,4,3,8,485.3
2026,4,3,9,668.03
2026,4,3,10,823.6
2026,4,3,11,905.08
2026,4,3,12,906.88
2026,4,3,13,684.28
2026,4,3,14,502.67
2026,4,3,15,355.77
2026,4,3,16,174.35
2026,4,3,17,32.25
2026,4,3,18,0
2026,4,3,19,0
2026,4,3,20,0
2026,4,3,21,0
2026,4,3,22,0
2026,4,3,23,0
2026,4,4,0,0
2026,4,4,1,0
2026,4,4,2,0
2026,4,4,3,0
2026,4,4,4,0
2026,4,4,5,6.75
2026,4,4,6,114.82
2026,4,4,7,265.75
2026,4,4,8,379.6
2026,4,4,9,534.42
2026,4,4,10,678.45
2026,4,4,11,701.9
2026,4,4,12,525.83
2026,4,4,13,211.2
2026,4,4,14,172.15
2026,4,4,15,181.1
2026,4,4,16,95.7
2026,4,4,17,20
2026,4,4,18,0
2026,4,4,19,0
2026,4,4,20,0
2026,4,4,21,0
2026,4,4,22,0
2026,4,4,23,0
2026,4,5,0,0
2026,4,5,1,0
2026,4,5,2,0
2026,4,5,3,0
2026,4,5,4,0
2026,4,5,5,2.42
2026,4,5,6,34.45
2026,4,5,7,84.07
2026,4,5,8,137.5
2026,4,5,9,300.23
2026,4,5,10,437.67
2026,4,5,11,499.45
2026,4,5,12,499.45
2026,4,5,13,448.3
2026,4,5,14,376.12
2026,4,5,15,241.65
2026,4,5,16,130.2
2026,4,5,17,27.23
2026,4,5,18,0
2026,4,5,19,0
2026,4,5,20,0
2026,4,5,21,0
2026,4,5,22,0
2026,4,5,23,0
2026,4,6,0,0
2026,4,6,1,0
2026,4,6,2,0
2026,4,6,3,0
2026,4,6,4,0
2026,4,6,5,6.07
2026,4,6,6,76.47
2026,4,6,7,188.27
2026,4,6,8,307.7
2026,4,6,9,386.5
2026,4,6,10,487.77
2026,4,6,11,523.12
2026,4,6,12,639.92
2026,4,6,13,644.17
2026,4,6,14,515.8
2026,4,6,15,344.6
2026,4,6,16,176.27
2026,4,6,17,41.92
2026,4,6,18,0
2026,4,6,19,0
2026,4,6,20,0
2026,4,6,21,0
2026,4,6,22,0
2026,4,6,23,0
2026,4,7,0,0
2026,4,7,1,0
2026,4,7,2,0
2026,4,7,3,0
2026,4,7,4,0
2026,4,7,5,9.88
2026,4,7,6,149.48
2026,4,7,7,347.5
2026,4,7,8,550
2026,4,7,9,742.8
2026,4,7,10,923.03
2026,4,7,11,924.28
2026,4,7,12,870.67
2026,4,7,13,728.97
2026,4,7,14,583
2026,4,7,15,449.5
2026,4,7,16,230.85
2026,4,7,17,48.67
2026,4,7,18,0
2026,4,7,19,0
2026,4,7,20,0
2026,4,7,21,0
2026,4,7,22,0
2026,4,7,23,0
2026,4,8,0,0
2026,4,8,1,0
2026,4,8,2,0
2026,4,8,3,0
2026,4,8,4,0
2026,4,8,5,7.95
2026,4,8,6,81.78
2026,4,8,7,181.85
2026,4,8,8,299.9
2026,4,8,9,446.85
2026,4,8,10,555.45
2026,4,8,11,532.85
2026,4,8,12,613.92
2026,4,8,13,526.5
2026,4,8,14,361.12
2026,4,8,15,232.07
2026,4,8,16,124.5
2026,4,8,17,26.23
2026,4,8,18,0
2026,4,8,19,0
2026,4,8,20,0
2026,4,8,21,0
2026,4,8,22,0
2026,4,8,23,0
2026,4,9,0,0
2026,4,9,1,0
2026,4,9,2,0
2026,4,9,3,0
2026,4,9,4,0
2026,4,9,5,4.97
2026,4,9,6,64.68
2026,4,9,7,167.9
2026,4,9,8,273.85
2026,4,9,9,433.95
2026,4,9,10,518.03
2026,4,9,11,544.1
2026,4,9,12,551.35
2026,4,9,13,423.77
2026,4,9,14,318.58
2026,4,9,15,204.55
2026,4,9,16,114.47
2026,4,9,17,32.2
2026,4,9,18,0
2026,4,9,19,0
2026,4,9,20,0
2026,4,9,21,0
2026,4,9,22,0
2026,4,9,23,0
2026,4,10,0,0
2026,4,10,1,0
2026,4,10,2,0
2026,4,10,3,0
2026,4,10,4,0
2026,4,10,5,11.4
2026,4,10,6,137.6
2026,4,10,7,311.92
2026,4,10,8,499.45
2026,4,10,9,604.3
2026,4,10,10,669.6
2026,4,10,11,692.42
2026,4,10,12,668.4
2026,4,10,13,566.15
2026,4,10,14,430.12
2026,4,10,15,267.5
2026,4,10,16,159.98
2026,4,10,17,42.38
2026,4,10,18,0
2026,4,10,19,0
2026,4,10,20,0
2026,4,10,21,0
2026,4,10,22,0
2026,4,10,23,0
2026,4,11,0,0
2026,4,11,1,0
2026,4,11,2,0
2026,4,11,3,0
2026,4,11,4,0
2026,4,11,5,11.45
2026,4,11,6,124.53
2026,4,11,7,268.83
2026,4,11,8,390.33
2026,4,11,9,526.97
2026,4,11,10,650.72
2026,4,11,11,646.7
2026,4,11,12,591.67
2026,4,11,13,599.67
2026,4,11,14,469
2026,4,11,15,329.25
2026,4,11,16,171.75
2026,4,11,17,40.4
2026,4,11,18,0
2026,4,11,19,0
2026,4,11,20,0
2026,4,11,21,0
2026,4,11,22,0
2026,4,11,23,0
2026,4,12,0,0
2026,4,12,1,0
2026,4,12,2,0
2026,4,12,3,0
2026,4,12,4,0
2026,4,12,5,11.88
2026,4,12,6,134.5
2026,4,12,7,307.75
2026,4,12,8,502.9
2026,4,12,9,581.5
2026,4,12,10,720.85
2026,4,12,11,753.55
2026,4,12,12,622.67
2026,4,12,13,178.4
2026,4,12,14,342.2
2026,4,12,15,174.62
2026,4,12,16,152.18
2026,4,12,17,37.47
2026,4,12,18,0
2026,4,12,19,0
2026,4,12,20,0
2026,4,12,21,0
2026,4,12,22,0
2026,4,12,23,0
2026,4,13,0,0
2026,4,13,1,0
2026,4,13,2,0
2026,4,13,3,0
2026,4,13,4,0
2026,4,13,5,14.2
2026,4,13,6,173.2
2026,4,13,7,396.95
2026,4,13,8,613.15
2026,4,13,9,803.83
2026,4,13,10,923.88
2026,4,13,11,969.83
2026,4,13,12,863.5
2026,4,13,13,724.65
2026,4,13,14,679.38
2026,4,13,15,481
2026,4,13,16,244.95
2026,4,13,17,52.53
2026,4,13,18,0
2026,4,13,19,0
2026,4,13,20,0
2026,4,13,21,0
2026,4,13,22,0
2026,4,13,23,0
2026,4,14,0,0
2026,4,14,1,0
2026,4,14,2,0
2026,4,14,3,0
2026,4,14,4,0
2026,4,14,5,15.27
2026,4,14,6,158.12
2026,4,14,7,339
2026,4,14,8,517.7
2026,4,14,9,685.53
2026,4,14,10,785.28
2026,4,14,11,828.03
2026,4,14,12,856.97
2026,4,14,13,719.83
2026,4,14,14,653.7
2026,4,14,15,444.17
2026,4,14,16,223.75
2026,4,14,17,50.17
2026,4,14,18,0
2026,4,14,19,0
2026,4,14,20,0
2026,4,14,21,0
2026,4,14,22,0
2026,4,14,23,0
2026,4,15,0,0
2026,4,15,1,0
2026,4,15,2,0
2026,4,15,3,0
2026,4,15,4,0
2026,4,15,5,13.02
2026,4,15,6,126.45
2026,4,15,7,279.98
2026,4,15,8,445
2026,4,15,9,620.28
2026,4,15,10,680.38
2026,4,15,11,725.6
2026,4,15,12,733.88
2026,4,15,13,590.17
2026,4,15,14,462.17
2026,4,15,15,389.2
2026,4,15,16,206.9
2026,4,15,17,52.17
2026,4,15,18,0
2026,4,15,19,0
2026,4,15,20,0
2026,4,15,21,0
2026,4,15,22,0
2026,4,15,23,0
2026,4,16,0,0
2026,4,16,1,0
2026,4,16,2,0
2026,4,16,3,0
2026,4,16,4,0
2026,4,16,5,17.08
2026,4,16,6,169.15
2026,4,16,7,367.15
2026,4,16,8,560.92
2026,4,16,9,751.4
2026,4,16,10,879.05
2026,4,16,11,938.58
2026,4,16,12,817.45
2026,4,16,13,780.95
2026,4,16,14,590.2
2026,4,16,15,439.25
2026,4,16,16,234.88
2026,4,16,17,56.75
2026,4,16,18,0
2026,4,16,19,0
2026,4,16,20,0
2026,4,16,21,0
2026,4,16,22,0
2026,4,16,23,0
2026,4,17,0,0
2026,4,17,1,0
2026,4,17,2,0
2026,4,17,3,0
2026,4,17,4,0
2026,4,17,5,18.27
2026,4,17,6,178.1
2026,4,17,7,384.6
2026,4,17,8,590.95
2026,4,17,9,712.17
2026,4,17,10,848.28
2026,4,17,11,908.75
2026,4,17,12,884.45
2026,4,17,13,617.78
2026,4,17,14,548.1
2026,4,17,15,410.35
2026,4,17,16,209.9
2026,4,17,17,49.42
2026,4,17,18,0
2026,4,17,19,0
2026,4,17,20,0
2026,4,17,21,0
2026,4,17,22,0
2026,4,17,23,0
2026,4,18,0,0
2026,4,18,1,0
2026,4,18,2,0
2026,4,18,3,0
2026,4,18,4,0
2026,4,18,5,19.05
2026,4,18,6,173.43
2026,4,18,7,375.25
2026,4,18,8,573.1
2026,4,18,9,739.25
2026,4,18,10,636.85
2026,4,18,11,533.1
2026,4,18,12,471.8
2026,4,18,13,276.38
2026,4,18,14,257.7
2026,4,18,15,156.12
2026,4,18,16,79.95
2026,4,18,17,18.8
2026,4,18,18,0
2026,4,18,19,0
2026,4,18,20,0
2026,4,18,21,0
2026,4,18,22,0
2026,4,18,23,0
2026,4,19,0,0
2026,4,19,1,0
2026,4,19,2,0
2026,4,19,3,0
2026,4,19,4,0
2026,4,19,5,13.93
2026,4,19,6,93.9
2026,4,19,7,166.77
2026,4,19,8,248.15
2026,4,19,9,301.25
2026,4,19,10,334.45
2026,4,19,11,337.55
2026,4,19,12,322.27
2026,4,19,13,241.38
2026,4,19,14,126
2026,4,19,15,47.47
2026,4,19,16,53.33
2026,4,19,17,19.38
2026,4,19,18,0
2026,4,19,19,0
2026,4,19,20,0
2026,4,19,21,0
2026,4,19,22,0
2026,4,19,23,0
2026,4,20,0,0
2026,4,20,1,0
2026,4,20,2,0
2026,4,20,3,0
2026,4,20,4,0
2026,4,20,5,19.45
2026,4,20,6,136.4
2026,4,20,7,260.05
2026,4,20,8,368.1
2026,4,20,9,492.58
2026,4,20,10,638.33
2026,4,20,11,740.22
2026,4,20,12,741.42
2026,4,20,13,601.65
2026,4,20,14,502.7
2026,4,20,15,325.7
2026,4,20,16,158.38
2026,4,20,17,38.7
2026,4,20,18,0
2026,4,20,19,0
2026,4,20,20,0
2026,4,20,21,0
2026,4,20,22,0
2026,4,20,23,0
2026,4,21,0,0
2026,4,21,1,0
2026,4,21,2,0
2026,4,21,3,0
2026,4,21,4,0
2026,4,21,5,19.15
2026,4,21,6,143.9
2026,4,21,7,295.75
2026,4,21,8,407.6
2026,4,21,9,583.17
2026,4,21,10,708.5
2026,4,21,11,811.92
2026,4,21,12,698.28
2026,4,21,13,632.1
2026,4,21,14,554.7
2026,4,21,15,416.05
2026,4,21,16,234.23
2026,4,21,17,66.35
2026,4,21,18,0
2026,4,21,19,0
2026,4,21,20,0
2026,4,21,21,0
2026,4,21,22,0
2026,4,21,23,0
2026,4,22,0,0
2026,4,22,1,0
2026,4,22,2,0
2026,4,22,3,0
2026,4,22,4,0
2026,4,22,5,24.62
2026,4,22,6,181.3
2026,4,22,7,343.42
2026,4,22,8,493.15
2026,4,22,9,664.6
2026,4,22,10,764.97
2026,4,22,11,738
2026,4,22,12,663.08
2026,4,22,13,599.97
2026,4,22,14,514.38
2026,4,22,15,333.7
2026,4,22,16,202
2026,4,22,17,62.75
2026,4,22,18,0
2026,4,22,19,0
2026,4,22,20,0
2026,4,22,21,0
2026,4,22,22,0
2026,4,22,23,0
2026,4,23,0,0
2026,4,23,1,0
2026,4,23,2,0
2026,4,23,3,0
2026,4,23,4,0
2026,4,23,5,27.62
2026,4,23,6,204.57
2026,4,23,7,398.5
2026,4,23,8,570.55
2026,4,23,9,726.65
2026,4,23,10,846.78
2026,4,23,11,896.83
2026,4,23,12,795.97
2026,4,23,13,736.28
2026,4,23,14,653.62
2026,4,23,15,523.05
2026,4,23,16,282.55
2026,4,23,17,71.6
2026,4,23,18,0
2026,4,23,19,0
2026,4,23,20,0
2026,4,23,21,0
2026,4,23,22,0
2026,4,23,23,0
2026,4,24,0,0
2026,4,24,1,0
2026,4,24,2,0
2026,4,24,3,0
2026,4,24,4,0
2026,4,24,5,32.55
2026,4,24,6,229.45
2026,4,24,7,462.25
2026,4,24,8,691.6
2026,4,24,9,873.75
2026,4,24,10,994.08
2026,4,24,11,1008.05
2026,4,24,12,1007.97
2026,4,24,13,899.15
2026,4,24,14,747.25
2026,4,24,15,531.95
2026,4,24,16,296.62
2026,4,24,17,80.07
2026,4,24,18,0
2026,4,24,19,0
2026,4,24,20,0
2026,4,24,21,0
2026,4,24,22,0
2026,4,24,23,0
2026,4,25,0,0
2026,4,25,1,0
2026,4,25,2,0
2026,4,25,3,0
2026,4,25,4,0
2026,4,25,5,33.85
2026,4,25,6,239.95
2026,4,25,7,482.17
2026,4,25,8,705.17
2026,4,25,9,878.1
2026,4,25,10,988.85
2026,4,25,11,1015.17
2026,4,25,12,982.05
2026,4,25,13,900.1
2026,4,25,14,705.78
2026,4,25,15,521.75
2026,4,25,16,287.5
2026,4,25,17,76.85
2026,4,25,18,0
2026,4,25,19,0
2026,4,25,20,0
2026,4,25,21,0
2026,4,25,22,0
2026,4,25,23,0
2026,4,26,0,0
2026,4,26,1,0
2026,4,26,2,0
2026,4,26,3,0
2026,4,26,4,0
2026,4,26,5,29.52
2026,4,26,6,210.77
2026,4,26,7,437.42
2026,4,26,8,687
2026,4,26,9,868.33
2026,4,26,10,992.42
2026,4,26,11,985.5
2026,4,26,12,938.4
2026,4,26,13,832.97
2026,4,26,14,631.12
2026,4,26,15,449.38
2026,4,26,16,243.12
2026,4,26,17,64.53
2026,4,26,18,0
2026,4,26,19,0
2026,4,26,20,0
2026,4,26,21,0
2026,4,26,22,0
2026,4,26,23,0
2026,4,27,0,0
2026,4,27,1,0
2026,4,27,2,0
2026,4,27,3,0
2026,4,27,4,0
2026,4,27,5,31.27
2026,4,27,6,219.15
2026,4,27,7,445.5
2026,4,27,8,627.2
2026,4,27,9,809.97
2026,4,27,10,883.72
2026,4,27,11,876.22
2026,4,27,12,801.47
2026,4,27,13,635.97
2026,4,27,14,549.67
2026,4,27,15,433.08
2026,4,27,16,219.27
2026,4,27,17,57.45
2026,4,27,18,0
2026,4,27,19,0
2026,4,27,20,0
2026,4,27,21,0
2026,4,27,22,0
2026,4,27,23,0
2026,4,28,0,0
2026,4,28,1,0
2026,4,28,2,0
2026,4,28,3,0
2026,4,28,4,0
2026,4,28,5,29.85
2026,4,28,6,198.75
2026,4,28,7,402.35
2026,4,28,8,595.08
2026,4,28,9,773.2
2026,4,28,10,927.05
2026,4,28,11,950.03
2026,4,28,12,890.38
2026,4,28,13,710.33
2026,4,28,14,568.85
2026,4,28,15,400.1
2026,4,28,16,215.1
2026,4,28,17,59.83
2026,4,28,18,0
2026,4,28,19,0
2026,4,28,20,0
2026,4,28,21,0
2026,4,28,22,0
2026,4,28,23,0
2026,4,29,0,0
2026,4,29,1,0
2026,4,29,2,0
2026,4,29,3,0
2026,4,29,4,0
2026,4,29,5,28.08
2026,4,29,6,197.93
2026,4,29,7,415.83
2026,4,29,8,605.22
2026,4,29,9,717.9
2026,4,29,10,716.25
2026,4,29,11,796.75
2026,4,29,12,802.12
2026,4,29,13,510.12
2026,4,29,14,286.35
2026,4,29,15,218.75
2026,4,29,16,125.93
2026,4,29,17,35.97
2026,4,29,18,0
2026,4,29,19,0
2026,4,29,20,0
2026,4,29,21,0
2026,4,29,22,0
2026,4,29,23,0
2026,4,30,0,0
2026,4,30,1,0
2026,4,30,2,0
2026,4,30,3,0
2026,4,30,4,0
2026,4,30,5,26.6
2026,4,30,6,148.3
2026,4,30,7,307.02
2026,4,30,8,496.12
2026,4,30,9,707.7
2026,4,30,10,854.88
2026,4,30,11,760.53
2026,4,30,12,794.65
2026,4,30,13,676.08
2026,4,30,14,426.02
2026,4,30,15,262.38
2026,4,30,16,138.57
2026,4,30,17,72.38
2026,4,30,18,0
2026,4,30,19,0
2026,4,30,20,0
2026,4,30,21,0
2026,4,30,22,0
2026,4,30,23,0
2026,5,1,0,0
2026,5,1,1,0
2026,5,1,2,0
2026,5,1,3,0
2026,5,1,4,0
2026,5,1,5,40.47
2026,5,1,6,174.88
2026,5,1,7,285.1
2026,5,1,8,429.62
2026,5,1,9,545
2026,5,1,10,614.17
2026,5,1,11,564.05
2026,5,1,12,661.35
2026,5,1,13,592.88
2026,5,1,14,484.92
2026,5,1,15,332.27
2026,5,1,16,178.38
2026,5,1,17,49.5
2026,5,1,18,0
2026,5,1,19,0
2026,5,1,20,0
2026,5,1,21,0
2026,5,1,22,0
2026,5,1,23,0
2026,5,2,0,0
2026,5,2,1,0
2026,5,2,2,0
2026,5,2,3,0
2026,5,2,4,0
2026,5,2,5,14.32
2026,5,2,6,78.35
2026,5,2,7,169.93
2026,5,2,8,291
2026,5,2,9,410.83
2026,5,2,10,449.67
2026,5,2,11,482.95
2026,5,2,12,543.9
2026,5,2,13,458.7
2026,5,2,14,325.9
2026,5,2,15,230.32
2026,5,2,16,126.07
2026,5,2,17,39.03
2026,5,2,18,0
2026,5,2,19,0
2026,5,2,20,0
2026,5,2,21,0
2026,5,2,22,0
2026,5,2,23,0
2026,5,3,0,0
2026,5,3,1,0
2026,5,3,2,0
2026,5,3,3,0
2026,5,3,4,0
2026,5,3,5,29.5
2026,5,3,6,117.62
2026,5,3,7,189.38
2026,5,3,8,364.17
2026,5,3,9,554.1
2026,5,3,10,757.2
2026,5,3,11,919.65
2026,5,3,12,867.35
2026,5,3,13,853.28
2026,5,3,14,683.4
2026,5,3,15,500.98
2026,5,3,16,285.35
2026,5,3,17,87.72
2026,5,3,18,0
2026,5,3,19,0
2026,5,3,20,0
2026,5,3,21,0
2026,5,3,22,0
2026,5,3,23,0
2026,5,4,0,0
2026,5,4,1,0
2026,5,4,2,0
2026,5,4,3,0
2026,5,4,4,0
2026,5,4,5,38.88
2026,5,4,6,205
2026,5,4,7,394.92
2026,5,4,8,603.97
2026,5,4,9,778.15
2026,5,4,10,803.2
2026,5,4,11,785.15
2026,5,4,12,859.8
2026,5,4,13,634.05
2026,5,4,14,502.17
2026,5,4,15,315.48
2026,5,4,16,181.62
2026,5,4,17,63.45
2026,5,4,18,0
2026,5,4,19,0
2026,5,4,20,0
2026,5,4,21,0
2026,5,4,22,0
2026,5,4,23,0
2026,5,5,0,0
2026,5,5,1,0
2026,5,5,2,0
2026,5,5,3,0
2026,5,5,4,0
2026,5,5,5,46.12
2026,5,5,6,259.15
2026,5,5,7,507.58
2026,5,5,8,719.65
2026,5,5,9,901.42
2026,5,5,10,1015.8
2026,5,5,11,1044.3
2026,5,5,12,1020.92
2026,5,5,13,919.8
2026,5,5,14,764.25
2026,5,5,15,565.3
2026,5,5,16,326.85
2026,5,5,17,103.22
2026,5,5,18,0
2026,5,5,19,0
2026,5,5,20,0
2026,5,5,21,0
2026,5,5,22,0
2026,5,5,23,0
2026,5,6,0,0
2026,5,6,1,0
2026,5,6,2,0
2026,5,6,3,0
2026,5,6,4,0
2026,5,6,5,47.83
2026,5,6,6,246.55
2026,5,6,7,465.62
2026,5,6,8,696.97
2026,5,6,9,868.08
2026,5,6,10,1005.42
2026,5,6,11,1020.17
2026,5,6,12,1011.6
2026,5,6,13,919.95
2026,5,6,14,726.8
2026,5,6,15,525.88
2026,5,6,16,278.35
2026,5,6,17,82.57
2026,5,6,18,0
2026,5,6,19,0
2026,5,6,20,0
2026,5,6,21,0
2026,5,6,22,0
2026,5,6,23,0
2026,5,7,0,0
2026,5,7,1,0
2026,5,7,2,0
2026,5,7,3,0
2026,5,7,4,0
2026,5,7,5,35.72
2026,5,7,6,181.3
2026,5,7,7,360.7
2026,5,7,8,516.6
2026,5,7,9,688.9
2026,5,7,10,822.92
2026,5,7,11,745.9
2026,5,7,12,583.83
2026,5,7,13,490.6
2026,5,7,14,385.92
2026,5,7,15,263.6
2026,5,7,16,144.7
2026,5,7,17,48.83
2026,5,7,18,0
2026,5,7,19,0
2026,5,7,20,0
2026,5,7,21,0
2026,5,7,22,0
2026,5,7,23,0
2026,5,8,0,0
2026,5,8,1,0
2026,5,8,2,0
2026,5,8,3,0
2026,5,8,4,0
2026,5,8,5,33.9
2026,5,8,6,173.52
2026,5,8,7,355.85
2026,5,8,8,529
2026,5,8,9,626.3
2026,5,8,10,656.58
2026,5,8,11,657.85
2026,5,8,12,611.8
2026,5,8,13,538.55
2026,5,8,14,398.12
2026,5,8,15,336.95
2026,5,8,16,181.27
2026,5,8,17,53.88
2026,5,8,18,0
2026,5,8,19,0
2026,5,8,20,0
2026,5,8,21,0
2026,5,8,22,0
2026,5,8,23,0
2026,5,9,0,0
2026,5,9,1,0
2026,5,9,2,0
2026,5,9,3,0
2026,5,9,4,0
2026,5,9,5,39.22
2026,5,9,6,184.65
2026,5,9,7,340.05
2026,5,9,8,450.55
2026,5,9,9,538.17
2026,5,9,10,650.25
2026,5,9,11,721.78
2026,5,9,12,731.47
2026,5,9,13,690.47
2026,5,9,14,505.27
2026,5,9,15,390.15
2026,5,9,16,219.3
2026,5,9,17,68.45
2026,5,9,18,0
2026,5,9,19,0
2026,5,9,20,0
2026,5,9,21,0
2026,5,9,22,0
2026,5,9,23,0
2026,5,10,0,0
2026,5,10,1,0
2026,5,10,2,0
2026,5,10,3,0
2026,5,10,4,0
2026,5,10,5,43.5
2026,5,10,6,228.65
2026,5,10,7,451.58
2026,5,10,8,661.78
2026,5,10,9,815.7
2026,5,10,10,851.5
2026,5,10,11,812.47
2026,5,10,12,759.55
2026,5,10,13,652.75
2026,5,10,14,546.95
2026,5,10,15,384.48
2026,5,10,16,209.05
2026,5,10,17,67.97
2026,5,10,18,0
2026,5,10,19,0
2026,5,10,20,0
2026,5,10,21,0
2026,5,10,22,0
2026,5,10,23,0
2026,5,11,0,0
2026,5,11,1,0
2026,5,11,2,0
2026,5,11,3,0
2026,5,11,4,0
2026,5,11,5,39.65
2026,5,11,6,199.38
2026,5,11,7,410.83
2026,5,11,8,609.42
2026,5,11,9,795.4
2026,5,11,10,927.62
2026,5,11,11,947.97
2026,5,11,12,785.8
2026,5,11,13,593.03
2026,5,11,14,444.38
2026,5,11,15,291.55
2026,5,11,16,168.45
2026,5,11,17,62.65
2026,5,11,18,0
2026,5,11,19,0
2026,5,11,20,0
2026,5,11,21,0
2026,5,11,22,0
2026,5,11,23,0
2026,5,12,0,0
2026,5,12,1,0
2026,5,12,2,0
2026,5,12,3,0
2026,5,12,4,0
2026,5,12,5,38.97
2026,5,12,6,188.32
2026,5,12,7,359.42
2026,5,12,8,608.47
2026,5,12,9,773.05
2026,5,12,10,878.1
2026,5,12,11,764.22
2026,5,12,12,641.17
2026,5,12,13,569.75
2026,5,12,14,410.17
2026,5,12,15,310.35
2026,5,12,16,178.8
2026,5,12,17,69.12
2026,5,12,18,0
2026,5,12,19,0
2026,5,12,20,0
2026,5,12,21,0
2026,5,12,22,0
2026,5,12,23,0
2026,5,13,0,0
2026,5,13,1,0
2026,5,13,2,0
2026,5,13,3,0
2026,5,13,4,0
2026,5,13,5,49.38
2026,5,13,6,242.73
2026,5,13,7,475.38
2026,5,13,8,695.75
2026,5,13,9,872.88
2026,5,13,10,985.25
2026,5,13,11,1047.55
2026,5,13,12,1013.17
2026,5,13,13,928.78
2026,5,13,14,773
2026,5,13,15,565.85
2026,5,13,16,333.3
2026,5,13,17,116.5
2026,5,13,18,0
2026,5,13,19,0
2026,5,13,20,0
2026,5,13,21,0
2026,5,13,22,0
2026,5,13,23,0
2026,5,14,0,0
2026,5,14,1,0
2026,5,14,2,0
2026,5,14,3,0
2026,5,14,4,0
2026,5,14,5,59.47
2026,5,14,6,271.02
2026,5,14,7,505.98
2026,5,14,8,717.03
2026,5,14,9,863.22
2026,5,14,10,947.97
2026,5,14,11,1026.07
2026,5,14,12,991.7
2026,5,14,13,868.22
2026,5,14,14,679.45
2026,5,14,15,446.5
2026,5,14,16,254.2
2026,5,14,17,87.18
2026,5,14,18,0
2026,5,14,19,0
2026,5,14,20,0
2026,5,14,21,0
2026,5,14,22,0
2026,5,14,23,0
2026,5,15,0,0
2026,5,15,1,0
2026,5,15,2,0
2026,5,15,3,0
2026,5,15,4,0
2026,5,15,5,51.25
2026,5,15,6,230.1
2026,5,15,7,442.1
2026,5,15,8,649.5
2026,5,15,9,848.72
2026,5,15,10,937.78
2026,5,15,11,974.78
2026,5,15,12,914.6
2026,5,15,13,737.45
2026,5,15,14,630.95
2026,5,15,15,454.52
2026,5,15,16,255.25
2026,5,15,17,84.3
2026,5,15,18,0
2026,5,15,19,0
2026,5,15,20,0
2026,5,15,21,0
2026,5,15,22,0
2026,5,15,23,0
2026,5,16,0,0
2026,5,16,1,0
2026,5,16,2,0
2026,5,16,3,0
2026,5,16,4,0
2026,5,16,5,47.5
2026,5,16,6,211.4
2026,5,16,7,374.15
2026,5,16,8,575.3
2026,5,16,9,688.12
2026,5,16,10,792.05
2026,5,16,11,858.42
2026,5,16,12,859.25
2026,5,16,13,687.47
2026,5,16,14,486.12
2026,5,16,15,121.22
2026,5,16,16,112.72
2026,5,16,17,44.8
2026,5,16,18,0
2026,5,16,19,0
2026,5,16,20,0
2026,5,16,21,0
2026,5,16,22,0
2026,5,16,23,0
2026,5,17,0,0
2026,5,17,1,0
2026,5,17,2,0
2026,5,17,3,0
2026,5,17,4,0
2026,5,17,5,35.15
2026,5,17,6,162.68
2026,5,17,7,318.95
2026,5,17,8,523.05
2026,5,17,9,736.4
2026,5,17,10,878.5
2026,5,17,11,863.42
2026,5,17,12,726.2
2026,5,17,13,565.38
2026,5,17,14,366.15
2026,5,17,15,253.8
2026,5,17,16,148.48
2026,5,17,17,49.62
2026,5,17,18,0
2026,5,17,19,0
2026,5,17,20,0
2026,5,17,21,0
2026,5,17,22,0
2026,5,17,23,0
2026,5,18,0,0
2026,5,18,1,0
2026,5,18,2,0
2026,5,18,3,0
2026,5,18,4,0
2026,5,18,5,56.85
2026,5,18,6,234.15
2026,5,18,7,430.88
2026,5,18,8,600.03
2026,5,18,9,713.42
2026,5,18,10,820.75
2026,5,18,11,739.08
2026,5,18,12,615.55
2026,5,18,13,561.28
2026,5,18,14,498.02
2026,5,18,15,373.3
2026,5,18,16,210.18
2026,5,18,17,79.78
2026,5,18,18,0
2026,5,18,19,0
2026,5,18,20,0
2026,5,18,21,0
2026,5,18,22,0
2026,5,18,23,0
2026,5,19,0,0
2026,5,19,1,0
2026,5,19,2,0
2026,5,19,3,0
2026,5,19,4,0
2026,5,19,5,41.38
2026,5,19,6,183.35
2026,5,19,7,372.3
2026,5,19,8,552.38
2026,5,19,9,641.4
2026,5,19,10,627.05
2026,5,19,11,374.75
2026,5,19,12,284.08
2026,5,19,13,412.23
2026,5,19,14,437.85
2026,5,19,15,303.5
2026,5,19,16,180.12
2026,5,19,17,63.8
2026,5,19,18,2.38
2026,5,19,19,0
2026,5,19,20,0
2026,5,19,21,0
2026,5,19,22,0
2026,5,19,23,0
2026,5,20,0,0
2026,5,20,1,0
2026,5,20,2,0
2026,5,20,3,0
2026,5,20,4,0
2026,5,20,5,45.95
2026,5,20,6,197.43
2026,5,20,7,393.48
2026,5,20,8,563.22
2026,5,20,9,636.45
2026,5,20,10,742.67
2026,5,20,11,803.03
2026,5,20,12,616.15
2026,5,20,13,453.4
2026,5,20,14,369.65
2026,5,20,15,61.55
2026,5,20,16,118.1
2026,5,20,17,45
2026,5,20,18,2.03
2026,5,20,19,0
2026,5,20,20,0
2026,5,20,21,0
2026,5,20,22,0
2026,5,20,23,0
2026,5,21,0,0
2026,5,21,1,0
2026,5,21,2,0
2026,5,21,3,0
2026,5,21,4,0
2026,5,21,5,11.5
2026,5,21,6,45.47
2026,5,21,7,104.47
2026,5,21,8,304.9
2026,5,21,9,401.95
2026,5,21,10,522.8
2026,5,21,11,716.92
2026,5,21,12,583.67
2026,5,21,13,384.5
2026,5,21,14,362.45
2026,5,21,15,290.65
2026,5,21,16,166.07
2026,5,21,17,63.08
2026,5,21,18,2.83
2026,5,21,19,0
2026,5,21,20,0
2026,5,21,21,0
2026,5,21,22,0
2026,5,21,23,0
2026,5,22,0,0
2026,5,22,1,0
2026,5,22,2,0
2026,5,22,3,0
2026,5,22,4,0
2026,5,22,5,53
2026,5,22,6,237.18
2026,5,22,7,458.77
2026,5,22,8,676.38
2026,5,22,9,856.25
2026,5,22,10,967.35
2026,5,22,11,1021.35
2026,5,22,12,924.67
2026,5,22,13,785.53
2026,5,22,14,665.72
2026,5,22,15,527.9
2026,5,22,16,308
2026,5,22,17,107.68
2026,5,22,18,3.58
2026,5,22,19,0
2026,5,22,20,0
2026,5,22,21,0
2026,5,22,22,0
2026,5,22,23,0
2026,5,23,0,0
2026,5,23,1,0
2026,5,23,2,0
2026,5,23,3,0
2026,5,23,4,0
2026,5,23,5,43.75
2026,5,23,6,174.9
2026,5,23,7,330.17
2026,5,23,8,462.75
2026,5,23,9,701.6
2026,5,23,10,725.42
2026,5,23,11,754.62
2026,5,23,12,709.95
2026,5,23,13,609.85
2026,5,23,14,557.1
2026,5,23,15,383.77
2026,5,23,16,223.65
2026,5,23,17,79.05
2026,5,23,18,3.28
2026,5,23,19,0
2026,5,23,20,0
2026,5,23,21,0
2026,5,23,22,0
2026,5,23,23,0
2026,5,24,0,0
2026,5,24,1,0
2026,5,24,2,0
2026,5,24,3,0
2026,5,24,4,0
2026,5,24,5,59.15
2026,5,24,6,251.38
2026,5,24,7,473.4
2026,5,24,8,648.28
2026,5,24,9,767.97
2026,5,24,10,829.4
2026,5,24,11,792.17
2026,5,24,12,656.2
2026,5,24,13,595.88
2026,5,24,14,454.75
2026,5,24,15,374.25
2026,5,24,16,214.62
2026,5,24,17,74.45
2026,5,24,18,3.17
2026,5,24,19,0
2026,5,24,20,0
2026,5,24,21,0
2026,5,24,22,0
2026,5,24,23,0
2026,5,25,0,0
2026,5,25,1,0
2026,5,25,2,0
2026,5,25,3,0
2026,5,25,4,0
2026,5,25,5,56.65
2026,5,25,6,243.68
2026,5,25,7,462.27
2026,5,25,8,629.85
2026,5,25,9,785.8
2026,5,25,10,886.88
2026,5,25,11,900.17
2026,5,25,12,768.75
2026,5,25,13,670.33
2026,5,25,14,529.5
2026,5,25,15,403.75
2026,5,25,16,227.38
2026,5,25,17,82.5
2026,5,25,18,4.07
2026,5,25,19,0
2026,5,25,20,0
2026,5,25,21,0
2026,5,25,22,0
2026,5,25,23,0
2026,5,26,0,0
2026,5,26,1,0
2026,5,26,2,0
2026,5,26,3,0
2026,5,26,4,0
2026,5,26,5,28.88
2026,5,26,6,115.18
2026,5,26,7,219
2026,5,26,8,341.08
2026,5,26,9,457.17
2026,5,26,10,621.88
2026,5,26,11,495.27
2026,5,26,12,462.35
2026,5,26,13,418.1
2026,5,26,14,407.9
2026,5,26,15,248.93
2026,5,26,16,141.4
2026,5,26,17,53.1
2026,5,26,18,2.72
2026,5,26,19,0
2026,5,26,20,0
2026,5,26,21,0
2026,5,26,22,0
2026,5,26,23,0
2026,5,27,0,0
2026,5,27,1,0
2026,5,27,2,0
2026,5,27,3,0
2026,5,27,4,0
2026,5,27,5,61.17
2026,5,27,6,230.35
2026,5,27,7,418.98
2026,5,27,8,604.92
2026,5,27,9,834.3
2026,5,27,10,889.2
2026,5,27,11,948.75
2026,5,27,12,949.55
2026,5,27,13,835.5
2026,5,27,14,744.22
2026,5,27,15,570.75
2026,5,27,16,340.85
2026,5,27,17,120.97
2026,5,27,18,4.62
2026,5,27,19,0
2026,5,27,20,0
2026,5,27,21,0
2026,5,27,22,0
2026,5,27,23,0
2026,5,28,0,0
2026,5,28,1,0
2026,5,28,2,0
2026,5,28,3,0
2026,5,28,4,0
2026,5,28,5,66.32
2026,5,28,6,254.75
2026,5,28,7,461.98
2026,5,28,8,616.85
2026,5,28,9,753.5
2026,5,28,10,899.33
2026,5,28,11,956.12
2026,5,28,12,905.6
2026,5,28,13,750.72
2026,5,28,14,719.8
2026,5,28,15,536.72
2026,5,28,16,319.27
2026,5,28,17,114.28
2026,5,28,18,4.68
2026,5,28,19,0
2026,5,28,20,0
2026,5,28,21,0
2026,5,28,22,0
2026,5,28,23,0
2026,5,29,0,0
2026,5,29,1,0
2026,5,29,2,0
2026,5,29,3,0
2026,5,29,4,0
2026,5,29,5,61.92
2026,5,29,6,247.73
2026,5,29,7,463.17
2026,5,29,8,670.2
2026,5,29,9,859.47
2026,5,29,10,968.22
2026,5,29,11,1028.97
2026,5,29,12,960.45
2026,5,29,13,878.08
2026,5,29,14,717.33
2026,5,29,15,547.5
2026,5,29,16,325.52
2026,5,29,17,117.75
2026,5,29,18,4.95
2026,5,29,19,0
2026,5,29,20,0
2026,5,29,21,0
2026,5,29,22,0
2026,5,29,23,0
2026,5,30,0,0
2026,5,30,1,0
2026,5,30,2,0
2026,5,30,3,0
2026,5,30,4,0
2026,5,30,5,52.67
2026,5,30,6,195.2
2026,5,30,7,376.9
2026,5,30,8,595.28
2026,5,30,9,763.33
2026,5,30,10,908.25
2026,5,30,11,981.55
2026,5,30,12,932.65
2026,5,30,13,841.3
2026,5,30,14,684.08
2026,5,30,15,441.08
2026,5,30,16,251.2
2026,5,30,17,94.6
2026,5,30,18,3.75
2026,5,30,19,0
2026,5,30,20,0
2026,5,30,21,0
2026,5,30,22,0
2026,5,30,23,0
2026,5,31,0,-999
2026,5,31,1,-999
2026,5,31,2,-999
2026,5,31,3,-999
2026,5,31,4,-999
2026,5,31,5,-999
2026,5,31,6,-999
2026,5,31,7,-999
2026,5,31,8,-999
2026,5,31,9,-999
2026,5,31,10,-999
2026,5,31,11,-999
2026,5,31,12,-999
2026,5,31,13,-999
2026,5,31,14,-999
2026,5,31,15,-999
2026,5,31,16,-999
2026,5,31,17,-999
2026,5,31,18,-999
2026,5,31,19,-999
2026,5,31,20,-999
2026,5,31,21,-999
2026,5,31,22,-999
2026,5,31,23,-999
2026,6,1,0,-999
2026,6,1,1,-999
2026,6,1,2,-999
2026,6,1,3,-999
2026,6,1,4,-999
2026,6,1,5,-999
2026,6,1,6,-999
2026,6,1,7,-999
2026,6,1,8,-999
2026,6,1,9,-999
2026,6,1,10,-999
2026,6,1,11,-999
2026,6,1,12,-999
2026,6,1,13,-999
2026,6,1,14,-999
2026,6,1,15,-999
2026,6,1,16,-999
2026,6,1,17,-999
2026,6,1,18,-999
2026,6,1,19,-999
2026,6,1,20,-999
2026,6,1,21,-999
2026,6,1,22,-999
2026,6,1,23,-999
2026,6,2,0,-999
2026,6,2,1,-999
2026,6,2,2,-999
2026,6,2,3,-999
2026,6,2,4,-999
2026,6,2,5,-999
2026,6,2,6,-999
2026,6,2,7,-999
2026,6,2,8,-999
2026,6,2,9,-999
2026,6,2,10,-999
2026,6,2,11,-999
2026,6,2,12,-999
2026,6,2,13,-999
2026,6,2,14,-999
2026,6,2,15,-999
2026,6,2,16,-999
2026,6,2,17,-999
2026,6,2,18,-999
2026,6,2,19,-999
2026,6,2,20,-999
2026,6,2,21,-999
2026,6,2,22,-999
2026,6,2,23,-999
2026,6,3,0,-999
2026,6,3,1,-999
2026,6,3,2,-999
2026,6,3,3,-999
2026,6,3,4,-999
2026,6,3,5,-999
2026,6,3,6,-999
2026,6,3,7,-999
2026,6,3,8,-999
2026,6,3,9,-999
2026,6,3,10,-999
2026,6,3,11,-999
2026,6,3,12,-999
2026,6,3,13,-999
2026,6,3,14,-999
2026,6,3,15,-999
2026,6,3,16,-999
2026,6,3,17,-999
2026,6,3,18,-999
2026,6,3,19,-999
2026,6,3,20,-999
2026,6,3,21,-999
2026,6,3,22,-999
2026,6,3,23,-999
2026,6,4,0,-999
2026,6,4,1,-999
2026,6,4,2,-999
2026,6,4,3,-999
2026,6,4,4,-999
2026,6,4,5,-999
2026,6,4,6,-999
2026,6,4,7,-999
2026,6,4,8,-999
2026,6,4,9,-999
2026,6,4,10,-999
2026,6,4,11,-999
2026,6,4,12,-999
2026,6,4,13,-999
2026,6,4,14,-999
2026,6,4,15,-999
2026,6,4,16,-999
2026,6,4,17,-999
2026,6,4,18,-999
2026,6,4,19,-999
2026,6,4,20,-999
2026,6,4,21,-999
2026,6,4,22,-999
2026,6,4,23,-999
2026,6,5,0,-999
2026,6,5,1,-999
2026,6,5,2,-999
2026,6,5,3,-999
2026,6,5,4,-999
2026,6,5,5,-999
2026,6,5,6,-999
2026,6,5,7,-999
2026,6,5,8,-999
2026,6,5,9,-999
2026,6,5,10,-999
2026,6,5,11,-999
2026,6,5,12,-999
2026,6,5,13,-999
2026,6,5,14,-999
2026,6,5,15,-999
2026,6,5,16,-999
2026,6,5,17,-999
2026,6,5,18,-999
2026,6,5,19,-999
2026,6,5,20,-999
2026,6,5,21,-999
2026,6,5,22,-999
2026,6,5,23,-999
2026,6,6,0,-999
2026,6,6,1,-999
2026,6,6,2,-999
2026,6,6,3,-999
2026,6,6,4,-999
2026,6,6,5,-999
2026,6,6,6,-999
2026,6,6,7,-999
2026,6,6,8,-999
2026,6,6,9,-999
2026,6,6,10,-999
2026,6,6,11,-999
2026,6,6,12,-999
2026,6,6,13,-999
2026,6,6,14,-999
2026,6,6,15,-999
2026,6,6,16,-999
2026,6,6,17,-999
2026,6,6,18,-999
2026,6,6,19,-999
2026,6,6,20,-999
2026,6,6,21,-999
2026,6,6,22,-999
2026,6,6,23,-999
2026,6,7,0,-999
2026,6,7,1,-999
2026,6,7,2,-999
2026,6,7,3,-999
2026,6,7,4,-999
2026,6,7,5,-999
2026,6,7,6,-999
2026,6,7,7,-999
2026,6,7,8,-999
2026,6,7,9,-999
2026,6,7,10,-999
2026,6,7,11,-999
2026,6,7,12,-999
2026,6,7,13,-999
2026,6,7,14,-999
2026,6,7,15,-999
2026,6,7,16,-999
2026,6,7,17,-999
2026,6,7,18,-999
2026,6,7,19,-999
2026,6,7,20,-999
2026,6,7,21,-999
2026,6,7,22,-999
2026,6,7,23,-999
2026,6,8,0,-999
2026,6,8,1,-999
2026,6,8,2,-999
2026,6,8,3,-999
2026,6,8,4,-999
2026,6,8,5,-999
2026,6,8,6,-999
2026,6,8,7,-999
2026,6,8,8,-999
2026,6,8,9,-999
2026,6,8,10,-999
2026,6,8,11,-999
2026,6,8,12,-999
2026,6,8,13,-999
2026,6,8,14,-999
2026,6,8,15,-999
2026,6,8,16,-999
2026,6,8,17,-999
2026,6,8,18,-999
2026,6,8,19,-999
2026,6,8,20,-999
2026,6,8,21,-999
2026,6,8,22,-999
2026,6,8,23,-999
2026,6,9,0,-999
2026,6,9,1,-999
2026,6,9,2,-999
2026,6,9,3,-999
2026,6,9,4,-999
2026,6,9,5,-999
2026,6,9,6,-999
2026,6,9,7,-999
2026,6,9,8,-999
2026,6,9,9,-999
2026,6,9,10,-999
2026,6,9,11,-999
2026,6,9,12,-999
2026,6,9,13,-999
2026,6,9,14,-999
2026,6,9,15,-999
2026,6,9,16,-999
2026,6,9,17,-999
2026,6,9,18,-999
2026,6,9,19,-999
2026,6,9,20,-999
2026,6,9,21,-999
2026,6,9,22,-999
2026,6,9,23,-999
2026,6,10,0,-999
2026,6,10,1,-999
2026,6,10,2,-999
2026,6,10,3,-999
2026,6,10,4,-999
2026,6,10,5,-999
2026,6,10,6,-999
2026,6,10,7,-999
2026,6,10,8,-999
2026,6,10,9,-999
2026,6,10,10,-999
2026,6,10,11,-999
2026,6,10,12,-999
2026,6,10,13,-999
2026,6,10,14,-999
2026,6,10,15,-999
2026,6,10,16,-999
2026,6,10,17,-999
2026,6,10,18,-999
2026,6,10,19,-999
2026,6,10,20,-999
2026,6,10,21,-999
2026,6,10,22,-999
2026,6,10,23,-999
2026,6,11,0,-999
2026,6,11,1,-999
2026,6,11,2,-999
2026,6,11,3,-999
2026,6,11,4,-999
2026,6,11,5,-999
2026,6,11,6,-999
2026,6,11,7,-999
2026,6,11,8,-999
2026,6,11,9,-999
2026,6,11,10,-999
2026,6,11,11,-999
2026,6,11,12,-999
2026,6,11,13,-999
2026,6,11,14,-999
2026,6,11,15,-999
2026,6,11,16,-999
2026,6,11,17,-999
2026,6,11,18,-999
2026,6,11,19,-999
2026,6,11,20,-999
2026,6,11,21,-999
2026,6,11,22,-999
2026,6,11,23,-999
2026,6,12,0,-999
2026,6,12,1,-999
2026,6,12,2,-999
2026,6,12,3,-999
2026,6,12,4,-999
2026,6,12,5,-999
2026,6,12,6,-999
2026,6,12,7,-999
2026,6,12,8,-999
2026,6,12,9,-999
2026,6,12,10,-999
2026,6,12,11,-999
2026,6,12,12,-999
2026,6,12,13,-999
2026,6,12,14,-999
2026,6,12,15,-999
2026,6,12,16,-999
2026,6,12,17,-999
2026,6,12,18,-999
2026,6,12,19,-999
2026,6,12,20,-999
2026,6,12,21,-999
2026,6,12,22,-999
2026,6,12,23,-999
2026,6,13,0,-999
2026,6,13,1,-999
2026,6,13,2,-999
2026,6,13,3,-999
2026,6,13,4,-999
2026,6,13,5,-999
2026,6,13,6,-999
2026,6,13,7,-999
2026,6,13,8,-999
2026,6,13,9,-999
2026,6,13,10,-999
2026,6,13,11,-999
2026,6,13,12,-999
2026,6,13,13,-999
2026,6,13,14,-999
2026,6,13,15,-999
2026,6,13,16,-999
2026,6,13,17,-999
2026,6,13,18,-999
2026,6,13,19,-999
2026,6,13,20,-999
2026,6,13,21,-999
2026,6,13,22,-999
2026,6,13,23,-999
2026,6,14,0,-999
2026,6,14,1,-999
2026,6,14,2,-999
2026,6,14,3,-999
2026,6,14,4,-999
2026,6,14,5,-999
2026,6,14,6,-999
2026,6,14,7,-999
2026,6,14,8,-999
2026,6,14,9,-999
2026,6,14,10,-999
2026,6,14,11,-999
2026,6,14,12,-999
2026,6,14,13,-999
2026,6,14,14,-999
2026,6,14,15,-999
2026,6,14,16,-999
2026,6,14,17,-999
2026,6,14,18,-999
2026,6,14,19,-999
2026,6,14,20,-999
2026,6,14,21,-999
2026,6,14,22,-999
2026,6,14,23,-999
2026,6,15,0,-999
2026,6,15,1,-999
2026,6,15,2,-999
2026,6,15,3,-999
2026,6,15,4,-999
2026,6,15,5,-999
2026,6,15,6,-999
2026,6,15,7,-999
2026,6,15,8,-999
2026,6,15,9,-999
2026,6,15,10,-999
2026,6,15,11,-999
2026,6,15,12,-999
2026,6,15,13,-999
2026,6,15,14,-999
2026,6,15,15,-999
2026,6,15,16,-999
2026,6,15,17,-999
2026,6,15,18,-999
2026,6,15,19,-999
2026,6,15,20,-999
2026,6,15,21,-999
2026,6,15,22,-999
2026,6,15,23,-999
2026,6,16,0,-999
2026,6,16,1,-999
2026,6,16,2,-999
2026,6,16,3,-999
2026,6,16,4,-999
2026,6,16,5,-999
2026,6,16,6,-999
2026,6,16,7,-999
2026,6,16,8,-999
2026,6,16,9,-999
2026,6,16,10,-999
2026,6,16,11,-999
2026,6,16,12,-999
2026,6,16,13,-999
2026,6,16,14,-999
2026,6,16,15,-999
2026,6,16,16,-999
2026,6,16,17,-999
2026,6,16,18,-999
2026,6,16,19,-999
2026,6,16,20,-999
2026,6,16,21,-999
2026,6,16,22,-999
2026,6,16,23,-999
2026,6,17,0,-999
2026,6,17,1,-999
2026,6,17,2,-999
2026,6,17,3,-999
2026,6,17,4,-999
2026,6,17,5,-999
2026,6,17,6,-999
2026,6,17,7,-999
2026,6,17,8,-999
2026,6,17,9,-999
2026,6,17,10,-999
2026,6,17,11,-999
2026,6,17,12,-999
2026,6,17,13,-999
2026,6,17,14,-999
2026,6,17,15,-999
2026,6,17,16,-999
2026,6,17,17,-999
2026,6,17,18,-999
2026,6,17,19,-999
2026,6,17,20,-999
2026,6,17,21,-999
2026,6,17,22,-999
2026,6,17,23,-999
2026,6,18,0,-999
2026,6,18,1,-999
2026,6,18,2,-999
2026,6,18,3,-999
2026,6,18,4,-999
2026,6,18,5,-999
2026,6,18,6,-999
2026,6,18,7,-999
2026,6,18,8,-999
2026,6,18,9,-999
2026,6,18,10,-999
2026,6,18,11,-999
2026,6,18,12,-999
2026,6,18,13,-999
2026,6,18,14,-999
2026,6,18,15,-999
2026,6,18,16,-999
2026,6,18,17,-999
2026,6,18,18,-999
2026,6,18,19,-999
2026,6,18,20,-999
2026,6,18,21,-999
2026,6,18,22,-999
2026,6,18,23,-999
2026,6,19,0,-999
2026,6,19,1,-999
2026,6,19,2,-999
2026,6,19,3,-999
2026,6,19,4,-999
2026,6,19,5,-999
2026,6,19,6,-999
2026,6,19,7,-999
2026,6,19,8,-999
2026,6,19,9,-999
2026,6,19,10,-999
2026,6,19,11,-999
2026,6,19,12,-999
2026,6,19,13,-999
2026,6,19,14,-999
2026,6,19,15,-999
2026,6,19,16,-999
2026,6,19,17,-999
2026,6,19,18,-999
2026,6,19,19,-999
2026,6,19,20,-999
2026,6,19,21,-999
2026,6,19,22,-999
2026,6,19,23,-999
2026,6,20,0,-999
2026,6,20,1,-999
2026,6,20,2,-999
2026,6,20,3,-999
2026,6,20,4,-999
2026,6,20,5,-999
2026,6,20,6,-999
2026,6,20,7,-999
2026,6,20,8,-999
2026,6,20,9,-999
2026,6,20,10,-999
2026,6,20,11,-999
2026,6,20,12,-999
2026,6,20,13,-999
2026,6,20,14,-999
2026,6,20,15,-999
2026,6,20,16,-999
2026,6,20,17,-999
2026,6,20,18,-999
2026,6,20,19,-999
2026,6,20,20,-999
2026,6,20,21,-999
2026,6,20,22,-999
2026,6,20,23,-999
2026,6,21,0,-999
2026,6,21,1,-999
2026,6,21,2,-999
2026,6,21,3,-999
2026,6,21,4,-999
2026,6,21,5,-999
2026,6,21,6,-999
2026,6,21,7,-999
2026,6,21,8,-999
2026,6,21,9,-999
2026,6,21,10,-999
2026,6,21,11,-999
2026,6,21,12,-999
2026,6,21,13,-999
2026,6,21,14,-999
2026,6,21,15,-999
2026,6,21,16,-999
2026,6,21,17,-999
2026,6,21,18,-999
2026,6,21,19,-999
2026,6,21,20,-999
2026,6,21,21,-999
2026,6,21,22,-999
2026,6,21,23,-999
2026,6,22,0,-999
2026,6,22,1,-999
2026,6,22,2,-999
2026,6,22,3,-999
2026,6,22,4,-999
2026,6,22,5,-999
2026,6,22,6,-999
2026,6,22,7,-999
2026,6,22,8,-999
2026,6,22,9,-999
2026,6,22,10,-999
2026,6,22,11,-999
2026,6,22,12,-999
2026,6,22,13,-999
2026,6,22,14,-999
2026,6,22,15,-999
2026,6,22,16,-999
2026,6,22,17,-999
2026,6,22,18,-999
2026,6,22,19,-999
2026,6,22,20,-999
2026,6,22,21,-999
2026,6,22,22,-999
2026,6,22,23,-999
2026,6,23,0,-999
2026,6,23,1,-999
2026,6,23,2,-999
2026,6,23,3,-999
2026,6,23,4,-999
2026,6,23,5,-999
2026,6,23,6,-999
2026,6,23,7,-999
2026,6,23,8,-999
2026,6,23,9,-999
2026,6,23,10,-999
2026,6,23,11,-999
2026,6,23,12,-999
2026,6,23,13,-999
2026,6,23,14,-999
2026,6,23,15,-999
2026,6,23,16,-999
2026,6,23,17,-999
2026,6,23,18,-999
2026,6,23,19,-999
2026,6,23,20,-999
2026,6,23,21,-999
2026,6,23,22,-999
2026,6,23,23,-999
2026,6,24,0,-999
2026,6,24,1,-999
2026,6,24,2,-999
2026,6,24,3,-999
2026,6,24,4,-999
2026,6,24,5,-999
2026,6,24,6,-999
2026,6,24,7,-999
2026,6,24,8,-999
2026,6,24,9,-999
2026,6,24,10,-999
2026,6,24,11,-999
2026,6,24,12,-999
2026,6,24,13,-999
2026,6,24,14,-999
2026,6,24,15,-999
2026,6,24,16,-999
2026,6,24,17,-999
2026,6,24,18,-999
2026,6,24,19,-999
2026,6,24,20,-999
2026,6,24,21,-999
2026,6,24,22,-999
2026,6,24,23,-999
2026,6,25,0,-999
2026,6,25,1,-999
2026,6,25,2,-999
2026,6,25,3,-999
2026,6,25,4,-999
2026,6,25,5,-999
2026,6,25,6,-999
2026,6,25,7,-999
2026,6,25,8,-999
2026,6,25,9,-999
2026,6,25,10,-999
2026,6,25,11,-999
2026,6,25,12,-999
2026,6,25,13,-999
2026,6,25,14,-999
2026,6,25,15,-999
2026,6,25,16,-999
2026,6,25,17,-999
2026,6,25,18,-999
2026,6,25,19,-999
2026,6,25,20,-999
2026,6,25,21,-999
2026,6,25,22,-999
2026,6,25,23,-999
2026,6,26,0,-999
2026,6,26,1,-999
2026,6,26,2,-999
2026,6,26,3,-999
2026,6,26,4,-999
2026,6,26,5,-999
2026,6,26,6,-999
2026,6,26,7,-999
2026,6,26,8,-999
2026,6,26,9,-999
2026,6,26,10,-999
2026,6,26,11,-999
2026,6,26,12,-999
2026,6,26,13,-999
2026,6,26,14,-999
2026,6,26,15,-999
2026,6,26,16,-999
2026,6,26,17,-999
2026,6,26,18,-999
2026,6,26,19,-999
2026,6,26,20,-999
2026,6,26,21,-999
2026,6,26,22,-999
2026,6,26,23,-999
2026,6,27,0,-999
2026,6,27,1,-999
2026,6,27,2,-999
2026,6,27,3,-999
2026,6,27,4,-999
2026,6,27,5,-999
2026,6,27,6,-999
2026,6,27,7,-999
2026,6,27,8,-999
2026,6,27,9,-999
2026,6,27,10,-999
2026,6,27,11,-999
2026,6,27,12,-999
2026,6,27,13,-999
2026,6,27,14,-999
2026,6,27,15,-999
2026,6,27,16,-999
2026,6,27,17,-999
2026,6,27,18,-999
2026,6,27,19,-999
2026,6,27,20,-999
2026,6,27,21,-999
2026,6,27,22,-999
2026,6,27,23,-999
2026,6,28,0,-999
2026,6,28,1,-999
2026,6,28,2,-999
2026,6,28,3,-999
2026,6,28,4,-999
2026,6,28,5,-999
2026,6,28,6,-999
2026,6,28,7,-999
2026,6,28,8,-999
2026,6,28,9,-999
2026,6,28,10,-999
2026,6,28,11,-999
2026,6,28,12,-999
2026,6,28,13,-999
2026,6,28,14,-999
2026,6,28,15,-999
2026,6,28,16,-999
2026,6,28,17,-999
2026,6,28,18,-999
2026,6,28,19,-999
2026,6,28,20,-999
2026,6,28,21,-999
2026,6,28,22,-999
2026,6,28,23,-999
2026,6,29,0,-999
2026,6,29,1,-999
2026,6,29,2,-999
2026,6,29,3,-999
2026,6,29,4,-999
2026,6,29,5,-999
2026,6,29,6,-999
2026,6,29,7,-999
2026,6,29,8,-999
2026,6,29,9,-999
2026,6,29,10,-999
2026,6,29,11,-999
2026,6,29,12,-999
2026,6,29,13,-999
2026,6,29,14,-999
2026,6,29,15,-999
2026,6,29,16,-999
2026,6,29,17,-999
2026,6,29,18,-999
2026,6,29,19,-999
2026,6,29,20,-999
2026,6,29,21,-999
2026,6,29,22,-999
2026,6,29,23,-999
2026,6,30,0,-999
2026,6,30,1,-999
2026,6,30,2,-999
2026,6,30,3,-999
2026,6,30,4,-999
2026,6,30,5,-999
2026,6,30,6,-999
2026,6,30,7,-999
2026,6,30,8,-999
2026,6,30,9,-999
2026,6,30,10,-999
2026,6,30,11,-999
2026,6,30,12,-999
2026,6,30,13,-999
2026,6,30,14,-999
2026,6,30,15,-999
2026,6,30,16,-999
2026,6,30,17,-999
2026,6,30,18,-999
2026,6,30,19,-999
2026,6,30,20,-999
2026,6,30,21,-999
2026,6,30,22,-999
2026,6,30,23,-999
2026,7,1,0,-999
2026,7,1,1,-999
2026,7,1,2,-999
2026,7,1,3,-999
2026,7,1,4,-999
2026,7,1,5,-999
2026,7,1,6,-999
2026,7,1,7,-999
2026,7,1,8,-999
2026,7,1,9,-999
2026,7,1,10,-999
2026,7,1,11,-999
2026,7,1,12,-999
2026,7,1,13,-999
2026,7,1,14,-999
2026,7,1,15,-999
2026,7,1,16,-999
2026,7,1,17,-999
2026,7,1,18,-999
2026,7,1,19,-999
2026,7,1,20,-999
2026,7,1,21,-999
2026,7,1,22,-999
2026,7,1,23,-999
2026,7,2,0,-999
2026,7,2,1,-999
2026,7,2,2,-999
2026,7,2,3,-999
2026,7,2,4,-999
2026,7,2,5,-999
2026,7,2,6,-999
2026,7,2,7,-999
2026,7,2,8,-999
2026,7,2,9,-999
2026,7,2,10,-999
2026,7,2,11,-999
2026,7,2,12,-999
2026,7,2,13,-999
2026,7,2,14,-999
2026,7,2,15,-999
2026,7,2,16,-999
2026,7,2,17,-999
2026,7,2,18,-999
2026,7,2,19,-999
2026,7,2,20,-999
2026,7,2,21,-999
2026,7,2,22,-999
2026,7,2,23,-999
2026,7,3,0,-999
2026,7,3,1,-999
2026,7,3,2,-999
2026,7,3,3,-999
2026,7,3,4,-999
2026,7,3,5,-999
2026,7,3,6,-999
2026,7,3,7,-999
2026,7,3,8,-999
2026,7,3,9,-999
2026,7,3,10,-999
2026,7,3,11,-999
2026,7,3,12,-999
2026,7,3,13,-999
2026,7,3,14,-999
2026,7,3,15,-999
2026,7,3,16,-999
2026,7,3,17,-999
2026,7,3,18,-999
2026,7,3,19,-999
2026,7,3,20,-999
2026,7,3,21,-999
2026,7,3,22,-999
2026,7,3,23,-999
2026,7,4,0,-999
2026,7,4,1,-999
2026,7,4,2,-999
2026,7,4,3,-999
2026,7,4,4,-999
2026,7,4,5,-999
2026,7,4,6,-999
2026,7,4,7,-999
2026,7,4,8,-999
2026,7,4,9,-999
2026,7,4,10,-999
2026,7,4,11,-999
2026,7,4,12,-999
2026,7,4,13,-999
2026,7,4,14,-999
2026,7,4,15,-999
2026,7,4,16,-999
2026,7,4,17,-999
2026,7,4,18,-999
2026,7,4,19,-999
2026,7,4,20,-999
2026,7,4,21,-999
2026,7,4,22,-999
2026,7,4,23,-999
2026,7,5,0,-999
2026,7,5,1,-999
2026,7,5,2,-999
2026,7,5,3,-999
2026,7,5,4,-999
2026,7,5,5,-999
2026,7,5,6,-999
2026,7,5,7,-999
2026,7,5,8,-999
2026,7,5,9,-999
2026,7,5,10,-999
2026,7,5,11,-999
2026,7,5,12,-999
2026,7,5,13,-999
2026,7,5,14,-999
2026,7,5,15,-999
2026,7,5,16,-999
2026,7,5,17,-999
2026,7,5,18,-999
2026,7,5,19,-999
2026,7,5,20,-999
2026,7,5,21,-999
2026,7,5,22,-999
2026,7,5,23,-999
2026,7,6,0,-999
2026,7,6,1,-999
2026,7,6,2,-999
2026,7,6,3,-999
2026,7,6,4,-999
2026,7,6,5,-999
2026,7,6,6,-999
2026,7,6,7,-999
2026,7,6,8,-999
2026,7,6,9,-999
2026,7,6,10,-999
2026,7,6,11,-999
2026,7,6,12,-999
2026,7,6,13,-999
2026,7,6,14,-999
2026,7,6,15,-999
2026,7,6,16,-999
2026,7,6,17,-999
2026,7,6,18,-999
2026,7,6,19,-999
2026,7,6,20,-999
2026,7,6,21,-999
2026,7,6,22,-999
2026,7,6,23,-999
2026,7,7,0,-999
2026,7,7,1,-999
2026,7,7,2,-999
2026,7,7,3,-999
2026,7,7,4,-999
2026,7,7,5,-999
2026,7,7,6,-999
2026,7,7,7,-999
2026,7,7,8,-999
2026,7,7,9,-999
2026,7,7,10,-999
2026,7,7,11,-999
2026,7,7,12,-999
2026,7,7,13,-999
2026,7,7,14,-999
2026,7,7,15,-999
2026,7,7,16,-999
2026,7,7,17,-999
2026,7,7,18,-999
2026,7,7,19,-999
2026,7,7,20,-999
2026,7,7,21,-999
2026,7,7,22,-999
2026,7,7,23,-999
2026,7,8,0,-999
2026,7,8,1,-999
2026,7,8,2,-999
2026,7,8,3,-999
2026,7,8,4,-999
2026,7,8,5,-999
2026,7,8,6,-999
2026,7,8,7,-999
2026,7,8,8,-999
2026,7,8,9,-999
2026,7,8,10,-999
2026,7,8,11,-999
2026,7,8,12,-999
2026,7,8,13,-999
2026,7,8,14,-999
2026,7,8,15,-999
2026,7,8,16,-999
2026,7,8,17,-999
2026,7,8,18,-999
2026,7,8,19,-999
2026,7,8,20,-999
2026,7,8,21,-999
2026,7,8,22,-999
2026,7,8,23,-999
2026,7,9,0,-999
2026,7,9,1,-999
2026,7,9,2,-999
2026,7,9,3,-999
2026,7,9,4,-999
2026,7,9,5,-999
2026,7,9,6,-999
2026,7,9,7,-999
2026,7,9,8,-999
2026,7,9,9,-999
2026,7,9,10,-999
2026,7,9,11,-999
2026,7,9,12,-999
2026,7,9,13,-999
2026,7,9,14,-999
2026,7,9,15,-999
2026,7,9,16,-999
2026,7,9,17,-999
2026,7,9,18,-999
2026,7,9,19,-999
2026,7,9,20,-999
2026,7,9,21,-999
2026,7,9,22,-999
2026,7,9,23,-999
2026,7,10,0,-999
2026,7,10,1,-999
2026,7,10,2,-999
2026,7,10,3,-999
2026,7,10,4,-999
2026,7,10,5,-999
2026,7,10,6,-999
2026,7,10,7,-999
2026,7,10,8,-999
2026,7,10,9,-999
2026,7,10,10,-999
2026,7,10,11,-999
2026,7,10,12,-999
2026,7,10,13,-999
2026,7,10,14,-999
2026,7,10,15,-999
2026,7,10,16,-999
2026,7,10,17,-999
2026,7,10,18,-999
2026,7,10,19,-999
2026,7,10,20,-999
2026,7,10,21,-999
2026,7,10,22,-999
2026,7,10,23,-999
2026,7,11,0,-999
2026,7,11,1,-999
2026,7,11,2,-999
2026,7,11,3,-999
2026,7,11,4,-999
2026,7,11,5,-999
2026,7,11,6,-999
2026,7,11,7,-999
2026,7,11,8,-999
2026,7,11,9,-999
2026,7,11,10,-999
2026,7,11,11,-999
2026,7,11,12,-999
2026,7,11,13,-999
2026,7,11,14,-999
2026,7,11,15,-999
2026,7,11,16,-999
2026,7,11,17,-999
2026,7,11,18,-999
2026,7,11,19,-999
2026,7,11,20,-999
2026,7,11,21,-999
2026,7,11,22,-999
2026,7,11,23,-999
2026,7,12,0,-999
2026,7,12,1,-999
2026,7,12,2,-999
2026,7,12,3,-999
2026,7,12,4,-999
2026,7,12,5,-999
2026,7,12,6,-999
2026,7,12,7,-999
2026,7,12,8,-999
2026,7,12,9,-999
2026,7,12,10,-999
2026,7,12,11,-999
2026,7,12,12,-999
2026,7,12,13,-999
2026,7,12,14,-999
2026,7,12,15,-999
2026,7,12,16,-999
2026,7,12,17,-999
2026,7,12,18,-999
2026,7,12,19,-999
2026,7,12,20,-999
2026,7,12,21,-999
2026,7,12,22,-999
2026,7,12,23,-999
2026,7,13,0,-999
2026,7,13,1,-999
2026,7,13,2,-999
2026,7,13,3,-999
2026,7,13,4,-999
2026,7,13,5,-999
2026,7,13,6,-999
2026,7,13,7,-999
2026,7,13,8,-999
2026,7,13,9,-999
2026,7,13,10,-999
2026,7,13,11,-999
2026,7,13,12,-999
2026,7,13,13,-999
2026,7,13,14,-999
2026,7,13,15,-999
2026,7,13,16,-999
2026,7,13,17,-999
2026,7,13,18,-999
2026,7,13,19,-999
2026,7,13,20,-999
2026,7,13,21,-999
2026,7,13,22,-999
2026,7,13,23,-999
2026,7,14,0,-999
2026,7,14,1,-999
2026,7,14,2,-999
2026,7,14,3,-999
2026,7,14,4,-999
2026,7,14,5,-999
2026,7,14,6,-999
2026,7,14,7,-999
2026,7,14,8,-999
2026,7,14,9,-999
2026,7,14,10,-999
2026,7,14,11,-999
2026,7,14,12,-999
2026,7,14,13,-999
2026,7,14,14,-999
2026,7,14,15,-999
2026,7,14,16,-999
2026,7,14,17,-999
2026,7,14,18,-999
2026,7,14,19,-999
2026,7,14,20,-999
2026,7,14,21,-999
2026,7,14,22,-999
2026,7,14,23,-999
2026,7,15,0,-999
2026,7,15,1,-999
2026,7,15,2,-999
2026,7,15,3,-999
2026,7,15,4,-999
2026,7,15,5,-999
2026,7,15,6,-999
2026,7,15,7,-999
2026,7,15,8,-999
2026,7,15,9,-999
2026,7,15,10,-999
2026,7,15,11,-999
2026,7,15,12,-999
2026,7,15,13,-999
2026,7,15,14,-999
2026,7,15,15,-999
2026,7,15,16,-999
2026,7,15,17,-999
2026,7,15,18,-999
2026,7,15,19,-999
2026,7,15,20,-999
2026,7,15,21,-999
2026,7,15,22,-999
2026,7,15,23,-999
2026,7,16,0,-999
2026,7,16,1,-999
2026,7,16,2,-999
2026,7,16,3,-999
2026,7,16,4,-999
2026,7,16,5,-999
2026,7,16,6,-999
2026,7,16,7,-999
2026,7,16,8,-999
2026,7,16,9,-999
2026,7,16,10,-999
2026,7,16,11,-999
2026,7,16,12,-999
2026,7,16,13,-999
2026,7,16,14,-999
2026,7,16,15,-999
2026,7,16,16,-999
2026,7,16,17,-999
2026,7,16,18,-999
2026,7,16,19,-999
2026,7,16,20,-999
2026,7,16,21,-999
2026,7,16,22,-999
2026,7,16,23,-999
2026,7,17,0,-999
2026,7,17,1,-999
2026,7,17,2,-999
2026,7,17,3,-999
2026,7,17,4,-999
2026,7,17,5,-999
2026,7,17,6,-999
2026,7,17,7,-999
2026,7,17,8,-999
2026,7,17,9,-999
2026,7,17,10,-999
2026,7,17,11,-999
2026,7,17,12,-999
2026,7,17,13,-999
2026,7,17,14,-999
2026,7,17,15,-999
2026,7,17,16,-999
2026,7,17,17,-999
2026,7,17,18,-999
2026,7,17,19,-999
2026,7,17,20,-999
2026,7,17,21,-999
2026,7,17,22,-999
2026,7,17,23,-999
2026,7,18,0,-999
2026,7,18,1,-999
2026,7,18,2,-999
2026,7,18,3,-999
2026,7,18,4,-999
2026,7,18,5,-999
2026,7,18,6,-999
2026,7,18,7,-999
2026,7,18,8,-999
2026,7,18,9,-999
2026,7,18,10,-999
2026,7,18,11,-999
2026,7,18,12,-999
2026,7,18,13,-999
2026,7,18,14,-999
2026,7,18,15,-999
2026,7,18,16,-999
2026,7,18,17,-999
2026,7,18,18,-999
2026,7,18,19,-999
2026,7,18,20,-999
2026,7,18,21,-999
2026,7,18,22,-999
2026,7,18,23,-999
2026,7,19,0,-999
2026,7,19,1,-999
2026,7,19,2,-999
2026,7,19,3,-999
2026,7,19,4,-999
2026,7,19,5,-999
2026,7,19,6,-999
2026,7,19,7,-999
2026,7,19,8,-999
2026,7,19,9,-999
2026,7,19,10,-999
2026,7,19,11,-999
2026,7,19,12,-999
2026,7,19,13,-999
2026,7,19,14,-999
2026,7,19,15,-999
2026,7,19,16,-999
2026,7,19,17,-999
2026,7,19,18,-999
2026,7,19,19,-999
2026,7,19,20,-999
2026,7,19,21,-999
2026,7,19,22,-999
2026,7,19,23,-999
2026,7,20,0,-999
2026,7,20,1,-999
2026,7,20,2,-999
2026,7,20,3,-999
2026,7,20,4,-999
2026,7,20,5,-999
2026,7,20,6,-999
2026,7,20,7,-999
2026,7,20,8,-999
2026,7,20,9,-999
2026,7,20,10,-999
2026,7,20,11,-999
2026,7,20,12,-999
2026,7,20,13,-999
2026,7,20,14,-999
2026,7,20,15,-999
2026,7,20,16,-999
2026,7,20,17,-999
2026,7,20,18,-999
2026,7,20,19,-999
2026,7,20,20,-999
2026,7,20,21,-999
2026,7,20,22,-999
2026,7,20,23,-999
2026,7,21,0,-999
2026,7,21,1,-999
2026,7,21,2,-999
2026,7,21,3,-999
2026,7,21,4,-999
2026,7,21,5,-999
2026,7,21,6,-999
2026,7,21,7,-999
2026,7,21,8,-999
2026,7,21,9,-999
2026,7,21,10,-999
2026,7,21,11,-999
2026,7,21,12,-999
2026,7,21,13,-999
2026,7,21,14,-999
2026,7,21,15,-999
2026,7,21,16,-999
2026,7,21,17,-999
2026,7,21,18,-999
2026,7,21,19,-999
2026,7,21,20,-999
2026,7,21,21,-999
2026,7,21,22,-999
2026,7,21,23,-999
2026,7,22,0,-999
2026,7,22,1,-999
2026,7,22,2,-999
2026,7,22,3,-999
2026,7,22,4,-999
2026,7,22,5,-999
2026,7,22,6,-999
2026,7,22,7,-999
2026,7,22,8,-999
2026,7,22,9,-999
2026,7,22,10,-999
2026,7,22,11,-999
2026,7,22,12,-999
2026,7,22,13,-999
2026,7,22,14,-999
2026,7,22,15,-999
2026,7,22,16,-999
2026,7,22,17,-999
2026,7,22,18,-999
2026,7,22,19,-999
2026,7,22,20,-999
2026,7,22,21,-999
2026,7,22,22,-999
2026,7,22,23,-999
2026,7,23,0,-999
2026,7,23,1,-999
2026,7,23,2,-999
2026,7,23,3,-999
2026,7,23,4,-999
2026,7,23,5,-999
2026,7,23,6,-999
2026,7,23,7,-999
2026,7,23,8,-999
2026,7,23,9,-999
2026,7,23,10,-999
2026,7,23,11,-999
2026,7,23,12,-999
2026,7,23,13,-999
2026,7,23,14,-999
2026,7,23,15,-999
2026,7,23,16,-999
2026,7,23,17,-999
2026,7,23,18,-999
2026,7,23,19,-999
2026,7,23,20,-999
2026,7,23,21,-999
2026,7,23,22,-999
2026,7,23,23,-999
2026,7,24,0,-999
2026,7,24,1,-999
2026,7,24,2,-999
2026,7,24,3,-999
2026,7,24,4,-999
2026,7,24,5,-999
2026,7,24,6,-999
2026,7,24,7,-999
2026,7,24,8,-999
2026,7,24,9,-999
2026,7,24,10,-999
2026,7,24,11,-999
2026,7,24,12,-999
2026,7,24,13,-999
2026,7,24,14,-999
2026,7,24,15,-999
2026,7,24,16,-999
2026,7,24,17,-999
2026,7,24,18,-999
2026,7,24,19,-999
2026,7,24,20,-999
2026,7,24,21,-999
2026,7,24,22,-999
2026,7,24,23,-999
2026,7,25,0,-999
2026,7,25,1,-999
2026,7,25,2,-999
2026,7,25,3,-999
2026,7,25,4,-999
2026,7,25,5,-999
2026,7,25,6,-999
2026,7,25,7,-999
2026,7,25,8,-999
2026,7,25,9,-999
2026,7,25,10,-999
2026,7,25,11,-999
2026,7,25,12,-999
2026,7,25,13,-999
2026,7,25,14,-999
2026,7,25,15,-999
2026,7,25,16,-999
2026,7,25,17,-999
2026,7,25,18,-999
2026,7,25,19,-999
2026,7,25,20,-999
2026,7,25,21,-999
2026,7,25,22,-999
2026,7,25,23,-999
2026,7,26,0,-999
2026,7,26,1,-999
2026,7,26,2,-999
2026,7,26,3,-999
2026,7,26,4,-999
2026,7,26,5,-999
2026,7,26,6,-999
2026,7,26,7,-999
2026,7,26,8,-999
2026,7,26,9,-999
2026,7,26,10,-999
2026,7,26,11,-999
2026,7,26,12,-999
2026,7,26,13,-999
2026,7,26,14,-999
2026,7,26,15,-999
2026,7,26,16,-999
2026,7,26,17,-999
2026,7,26,18,-999
2026,7,26,19,-999
2026,7,26,20,-999
2026,7,26,21,-999
2026,7,26,22,-999
2026,7,26,23,-999
2026,7,27,0,-999
2026,7,27,1,-999
2026,7,27,2,-999
2026,7,27,3,-999
2026,7,27,4,-999
2026,7,27,5,-999
2026,7,27,6,-999
2026,7,27,7,-999
2026,7,27,8,-999
2026,7,27,9,-999
2026,7,27,10,-999
2026,7,27,11,-999
2026,7,27,12,-999
2026,7,27,13,-999
2026,7,27,14,-999
2026,7,27,15,-999
2026,7,27,16,-999
2026,7,27,17,-999
2026,7,27,18,-999
2026,7,27,19,-999
2026,7,27,20,-999
2026,7,27,21,-999
2026,7,27,22,-999
2026,7,27,23,-999
2026,7,28,0,-999
2026,7,28,1,-999
2026,7,28,2,-999
2026,7,28,3,-999
2026,7,28,4,-999
2026,7,28,5,-999
2026,7,28,6,-999
2026,7,28,7,-999
2026,7,28,8,-999
2026,7,28,9,-999
2026,7,28,10,-999
2026,7,28,11,-999
2026,7,28,12,-999
2026,7,28,13,-999
2026,7,28,14,-999
2026,7,28,15,-999
2026,7,28,16,-999
2026,7,28,17,-999
2026,7,28,18,-999
2026,7,28,19,-999
2026,7,28,20,-999
2026,7,28,21,-999
2026,7,28,22,-999
2026,7,28,23,-999
2026,7,29,0,-999
2026,7,29,1,-999
2026,7,29,2,-999
2026,7,29,3,-999
2026,7,29,4,-999
2026,7,29,5,-999
2026,7,29,6,-999
2026,7,29,7,-999
2026,7,29,8,-999
2026,7,29,9,-999
2026,7,29,10,-999
2026,7,29,11,-999
2026,7,29,12,-999
2026,7,29,13,-999
2026,7,29,14,-999
2026,7,29,15,-999
2026,7,29,16,-999
2026,7,29,17,-999
2026,7,29,18,-999
2026,7,29,19,-999
2026,7,29,20,-999
2026,7,29,21,-999
2026,7,29,22,-999
2026,7,29,23,-999
2026,7,30,0,-999
2026,7,30,1,-999
2026,7,30,2,-999
2026,7,30,3,-999
2026,7,30,4,-999
2026,7,30,5,-999
2026,7,30,6,-999
2026,7,30,7,-999
2026,7,30,8,-999
2026,7,30,9,-999
2026,7,30,10,-999
2026,7,30,11,-999
2026,7,30,12,-999
2026,7,30,13,-999
2026,7,30,14,-999
2026,7,30,15,-999
2026,7,30,16,-999
2026,7,30,17,-999
2026,7,30,18,-999
2026,7,30,19,-999
2026,7,30,20,-999
2026,7,30,21,-999
2026,7,30,22,-999
2026,7,30,23,-999
2026,7,31,0,-999
2026,7,31,1,-999
2026,7,31,2,-999
2026,7,31,3,-999
2026,7,31,4,-999
2026,7,31,5,-999
2026,7,31,6,-999
2026,7,31,7,-999
2026,7,31,8,-999
2026,7,31,9,-999
2026,7,31,10,-999
2026,7,31,11,-999
2026,7,31,12,-999
2026,7,31,13,-999
2026,7,31,14,-999
2026,7,31,15,-999
2026,7,31,16,-999
2026,7,31,17,-999
2026,7,31,18,-999
2026,7,31,19,-999
2026,7,31,20,-999
2026,7,31,21,-999
2026,7,31,22,-999
2026,7,31,23,-999
2026,8,1,0,-999
2026,8,1,1,-999
2026,8,1,2,-999
2026,8,1,3,-999
2026,8,1,4,-999
2026,8,1,5,-999
2026,8,1,6,-999
2026,8,1,7,-999
2026,8,1,8,-999
2026,8,1,9,-999
2026,8,1,10,-999
2026,8,1,11,-999
2026,8,1,12,-999
2026,8,1,13,-999
2026,8,1,14,-999
2026,8,1,15,-999
2026,8,1,16,-999
2026,8,1,17,-999
2026,8,1,18,-999
2026,8,1,19,-999
2026,8,1,20,-999
2026,8,1,21,-999
2026,8,1,22,-999
2026,8,1,23,-999
2026,8,2,0,-999
2026,8,2,1,-999
2026,8,2,2,-999
2026,8,2,3,-999
2026,8,2,4,-999
2026,8,2,5,-999
2026,8,2,6,-999
2026,8,2,7,-999
2026,8,2,8,-999
2026,8,2,9,-999
2026,8,2,10,-999
2026,8,2,11,-999
2026,8,2,12,-999
2026,8,2,13,-999
2026,8,2,14,-999
2026,8,2,15,-999
2026,8,2,16,-999
2026,8,2,17,-999
2026,8,2,18,-999
2026,8,2,19,-999
2026,8,2,20,-999
2026,8,2,21,-999
2026,8,2,22,-999
2026,8,2,23,-999
2026,8,3,0,-999
2026,8,3,1,-999
2026,8,3,2,-999
2026,8,3,3,-999
2026,8,3,4,-999
2026,8,3,5,-999
2026,8,3,6,-999
2026,8,3,7,-999
2026,8,3,8,-999
2026,8,3,9,-999
2026,8,3,10,-999
2026,8,3,11,-999
2026,8,3,12,-999
2026,8,3,13,-999
2026,8,3,14,-999
2026,8,3,15,-999
2026,8,3,16,-999
2026,8,3,17,-999
2026,8,3,18,-999
2026,8,3,19,-999
2026,8,3,20,-999
2026,8,3,21,-999
2026,8,3,22,-999
2026,8,3,23,-999
2026,8,4,0,-999
2026,8,4,1,-999
2026,8,4,2,-999
2026,8,4,3,-999
2026,8,4,4,-999
2026,8,4,5,-999
2026,8,4,6,-999
2026,8,4,7,-999
2026,8,4,8,-999
2026,8,4,9,-999
2026,8,4,10,-999
2026,8,4,11,-999
2026,8,4,12,-999
2026,8,4,13,-999
2026,8,4,14,-999
2026,8,4,15,-999
2026,8,4,16,-999
2026,8,4,17,-999
2026,8,4,18,-999
2026,8,4,19,-999
2026,8,4,20,-999
2026,8,4,21,-999
2026,8,4,22,-999
2026,8,4,23,-999
2026,8,5,0,-999
2026,8,5,1,-999
2026,8,5,2,-999
2026,8,5,3,-999
2026,8,5,4,-999
2026,8,5,5,-999
2026,8,5,6,-999
2026,8,5,7,-999
2026,8,5,8,-999
2026,8,5,9,-999
2026,8,5,10,-999
2026,8,5,11,-999
2026,8,5,12,-999
2026,8,5,13,-999
2026,8,5,14,-999
2026,8,5,15,-999
2026,8,5,16,-999
2026,8,5,17,-999
2026,8,5,18,-999
2026,8,5,19,-999
2026,8,5,20,-999
2026,8,5,21,-999
2026,8,5,22,-999
2026,8,5,23,-999
2026,8,6,0,-999
2026,8,6,1,-999
2026,8,6,2,-999
2026,8,6,3,-999
2026,8,6,4,-999
2026,8,6,5,-999
2026,8,6,6,-999
2026,8,6,7,-999
2026,8,6,8,-999
2026,8,6,9,-999
2026,8,6,10,-999
2026,8,6,11,-999
2026,8,6,12,-999
2026,8,6,13,-999
2026,8,6,14,-999
2026,8,6,15,-999
2026,8,6,16,-999
2026,8,6,17,-999
2026,8,6,18,-999
2026,8,6,19,-999
2026,8,6,20,-999
2026,8,6,21,-999
2026,8,6,22,-999
2026,8,6,23,-999
2026,8,7,0,-999
2026,8,7,1,-999
2026,8,7,2,-999
2026,8,7,3,-999
2026,8,7,4,-999
2026,8,7,5,-999
2026,8,7,6,-999
2026,8,7,7,-999
2026,8,7,8,-999
2026,8,7,9,-999
2026,8,7,10,-999
2026,8,7,11,-999
2026,8,7,12,-999
2026,8,7,13,-999
2026,8,7,14,-999
2026,8,7,15,-999
2026,8,7,16,-999
2026,8,7,17,-999
2026,8,7,18,-999
2026,8,7,19,-999
2026,8,7,20,-999
2026,8,7,21,-999
2026,8,7,22,-999
2026,8,7,23,-999
2026,8,8,0,-999
2026,8,8,1,-999
2026,8,8,2,-999
2026,8,8,3,-999
2026,8,8,4,-999
2026,8,8,5,-999
2026,8,8,6,-999
2026,8,8,7,-999
2026,8,8,8,-999
2026,8,8,9,-999
2026,8,8,10,-999
2026,8,8,11,-999
2026,8,8,12,-999
2026,8,8,13,-999
2026,8,8,14,-999
2026,8,8,15,-999
2026,8,8,16,-999
2026,8,8,17,-999
2026,8,8,18,-999
2026,8,8,19,-999
2026,8,8,20,-999
2026,8,8,21,-999
2026,8,8,22,-999
2026,8,8,23,-999
2026,8,9,0,-999
2026,8,9,1,-999
2026,8,9,2,-999
2026,8,9,3,-999
2026,8,9,4,-999
2026,8,9,5,-999
2026,8,9,6,-999
2026,8,9,7,-999
2026,8,9,8,-999
2026,8,9,9,-999
2026,8,9,10,-999
2026,8,9,11,-999
2026,8,9,12,-999
2026,8,9,13,-999
2026,8,9,14,-999
2026,8,9,15,-999
2026,8,9,16,-999
2026,8,9,17,-999
2026,8,9,18,-999
2026,8,9,19,-999
2026,8,9,20,-999
2026,8,9,21,-999
2026,8,9,22,-999
2026,8,9,23,-999
2026,8,10,0,-999
2026,8,10,1,-999
2026,8,10,2,-999
2026,8,10,3,-999
2026,8,10,4,-999
2026,8,10,5,-999
2026,8,10,6,-999
2026,8,10,7,-999
2026,8,10,8,-999
2026,8,10,9,-999
2026,8,10,10,-999
2026,8,10,11,-999
2026,8,10,12,-999
2026,8,10,13,-999
2026,8,10,14,-999
2026,8,10,15,-999
2026,8,10,16,-999
2026,8,10,17,-999
2026,8,10,18,-999
2026,8,10,19,-999
2026,8,10,20,-999
2026,8,10,21,-999
2026,8,10,22,-999
2026,8,10,23,-999
2026,8,11,0,-999
2026,8,11,1,-999
2026,8,11,2,-999
2026,8,11,3,-999
2026,8,11,4,-999
2026,8,11,5,-999
2026,8,11,6,-999
2026,8,11,7,-999
2026,8,11,8,-999
2026,8,11,9,-999
2026,8,11,10,-999
2026,8,11,11,-999
2026,8,11,12,-999
2026,8,11,13,-999
2026,8,11,14,-999
2026,8,11,15,-999
2026,8,11,16,-999
2026,8,11,17,-999
2026,8,11,18,-999
2026,8,11,19,-999
2026,8,11,20,-999
2026,8,11,21,-999
2026,8,11,22,-999
2026,8,11,23,-999
2026,8,12,0,-999
2026,8,12,1,-999
2026,8,12,2,-999
2026,8,12,3,-999
2026,8,12,4,-999
2026,8,12,5,-999
2026,8,12,6,-999
2026,8,12,7,-999
2026,8,12,8,-999
2026,8,12,9,-999
2026,8,12,10,-999
2026,8,12,11,-999
2026,8,12,12,-999
2026,8,12,13,-999
2026,8,12,14,-999
2026,8,12,15,-999
2026,8,12,16,-999
2026,8,12,17,-999
2026,8,12,18,-999
2026,8,12,19,-999
2026,8,12,20,-999
2026,8,12,21,-999
2026,8,12,22,-999
2026,8,12,23,-999
2026,8,13,0,-999
2026,8,13,1,-999
2026,8,13,2,-999
2026,8,13,3,-999
2026,8,13,4,-999
2026,8,13,5,-999
2026,8,13,6,-999
2026,8,13,7,-999
2026,8,13,8,-999
2026,8,13,9,-999
2026,8,13,10,-999
2026,8,13,11,-999
2026,8,13,12,-999
2026,8,13,13,-999
2026,8,13,14,-999
2026,8,13,15,-999
2026,8,13,16,-999
2026,8,13,17,-999
2026,8,13,18,-999
2026,8,13,19,-999
2026,8,13,20,-999
2026,8,13,21,-999
2026,8,13,22,-999
2026,8,13,23,-999
2026,8,14,0,-999
2026,8,14,1,-999
2026,8,14,2,-999
2026,8,14,3,-999
2026,8,14,4,-999
2026,8,14,5,-999
2026,8,14,6,-999
2026,8,14,7,-999
2026,8,14,8,-999
2026,8,14,9,-999
2026,8,14,10,-999
2026,8,14,11,-999
2026,8,14,12,-999
2026,8,14,13,-999
2026,8,14,14,-999
2026,8,14,15,-999
2026,8,14,16,-999
2026,8,14,17,-999
2026,8,14,18,-999
2026,8,14,19,-999
2026,8,14,20,-999
2026,8,14,21,-999
2026,8,14,22,-999
2026,8,14,23,-999
2026,8,15,0,-999
2026,8,15,1,-999
2026,8,15,2,-999
2026,8,15,3,-999
2026,8,15,4,-999
2026,8,15,5,-999
2026,8,15,6,-999
2026,8,15,7,-999
2026,8,15,8,-999
2026,8,15,9,-999
2026,8,15,10,-999
2026,8,15,11,-999
2026,8,15,12,-999
2026,8,15,13,-999
2026,8,15,14,-999
2026,8,15,15,-999
2026,8,15,16,-999
2026,8,15,17,-999
2026,8,15,18,-999
2026,8,15,19,-999
2026,8,15,20,-999
2026,8,15,21,-999
2026,8,15,22,-999
2026,8,15,23,-999
2026,8,16,0,-999
2026,8,16,1,-999
2026,8,16,2,-999
2026,8,16,3,-999
2026,8,16,4,-999
2026,8,16,5,-999
2026,8,16,6,-999
2026,8,16,7,-999
2026,8,16,8,-999
2026,8,16,9,-999
2026,8,16,10,-999
2026,8,16,11,-999
2026,8,16,12,-999
2026,8,16,13,-999
2026,8,16,14,-999
2026,8,16,15,-999
2026,8,16,16,-999
2026,8,16,17,-999
2026,8,16,18,-999
2026,8,16,19,-999
2026,8,16,20,-999
2026,8,16,21,-999
2026,8,16,22,-999
2026,8,16,23,-999
2026,8,17,0,-999
2026,8,17,1,-999
2026,8,17,2,-999
2026,8,17,3,-999
2026,8,17,4,-999
2026,8,17,5,-999
2026,8,17,6,-999
2026,8,17,7,-999
2026,8,17,8,-999
2026,8,17,9,-999
2026,8,17,10,-999
2026,8,17,11,-999
2026,8,17,12,-999
2026,8,17,13,-999
2026,8,17,14,-999
2026,8,17,15,-999
2026,8,17,16,-999
2026,8,17,17,-999
2026,8,17,18,-999
2026,8,17,19,-999
2026,8,17,20,-999
2026,8,17,21,-999
2026,8,17,22,-999
2026,8,17,23,-999
2026,8,18,0,-999
2026,8,18,1,-999
2026,8,18,2,-999
2026,8,18,3,-999
2026,8,18,4,-999
2026,8,18,5,-999
2026,8,18,6,-999
2026,8,18,7,-999
2026,8,18,8,-999
2026,8,18,9,-999
2026,8,18,10,-999
2026,8,18,11,-999
2026,8,18,12,-999
2026,8,18,13,-999
2026,8,18,14,-999
2026,8,18,15,-999
2026,8,18,16,-999
2026,8,18,17,-999
2026,8,18,18,-999
2026,8,18,19,-999
2026,8,18,20,-999
2026,8,18,21,-999
2026,8,18,22,-999
2026,8,18,23,-999
2026,8,19,0,-999
2026,8,19,1,-999
2026,8,19,2,-999
2026,8,19,3,-999
2026,8,19,4,-999
2026,8,19,5,-999
2026,8,19,6,-999
2026,8,19,7,-999
2026,8,19,8,-999
2026,8,19,9,-999
2026,8,19,10,-999
2026,8,19,11,-999
2026,8,19,12,-999
2026,8,19,13,-999
2026,8,19,14,-999
2026,8,19,15,-999
2026,8,19,16,-999
2026,8,19,17,-999
2026,8,19,18,-999
2026,8,19,19,-999
2026,8,19,20,-999
2026,8,19,21,-999
2026,8,19,22,-999
2026,8,19,23,-999
2026,8,20,0,-999
2026,8,20,1,-999
2026,8,20,2,-999
2026,8,20,3,-999
2026,8,20,4,-999
2026,8,20,5,-999
2026,8,20,6,-999
2026,8,20,7,-999
2026,8,20,8,-999
2026,8,20,9,-999
2026,8,20,10,-999
2026,8,20,11,-999
2026,8,20,12,-999
2026,8,20,13,-999
2026,8,20,14,-999
2026,8,20,15,-999
2026,8,20,16,-999
2026,8,20,17,-999
2026,8,20,18,-999
2026,8,20,19,-999
2026,8,20,20,-999
2026,8,20,21,-999
2026,8,20,22,-999
2026,8,20,23,-999
2026,8,21,0,-999
2026,8,21,1,-999
2026,8,21,2,-999
2026,8,21,3,-999
2026,8,21,4,-999
2026,8,21,5,-999
2026,8,21,6,-999
2026,8,21,7,-999
2026,8,21,8,-999
2026,8,21,9,-999
2026,8,21,10,-999
2026,8,21,11,-999
2026,8,21,12,-999
2026,8,21,13,-999
2026,8,21,14,-999
2026,8,21,15,-999
2026,8,21,16,-999
2026,8,21,17,-999
2026,8,21,18,-999
2026,8,21,19,-999
2026,8,21,20,-999
2026,8,21,21,-999
2026,8,21,22,-999
2026,8,21,23,-999
2026,8,22,0,-999
2026,8,22,1,-999
2026,8,22,2,-999
2026,8,22,3,-999
2026,8,22,4,-999
2026,8,22,5,-999
2026,8,22,6,-999
2026,8,22,7,-999
2026,8,22,8,-999
2026,8,22,9,-999
2026,8,22,10,-999
2026,8,22,11,-999
2026,8,22,12,-999
2026,8,22,13,-999
2026,8,22,14,-999
2026,8,22,15,-999
2026,8,22,16,-999
2026,8,22,17,-999
2026,8,22,18,-999
2026,8,22,19,-999
2026,8,22,20,-999
2026,8,22,21,-999
2026,8,22,22,-999
2026,8,22,23,-999
2026,8,23,0,-999
2026,8,23,1,-999
2026,8,23,2,-999
2026,8,23,3,-999
2026,8,23,4,-999
2026,8,23,5,-999
2026,8,23,6,-999
2026,8,23,7,-999
2026,8,23,8,-999
2026,8,23,9,-999
2026,8,23,10,-999
2026,8,23,11,-999
2026,8,23,12,-999
2026,8,23,13,-999
2026,8,23,14,-999
2026,8,23,15,-999
2026,8,23,16,-999
2026,8,23,17,-999
2026,8,23,18,-999
2026,8,23,19,-999
2026,8,23,20,-999
2026,8,23,21,-999
2026,8,23,22,-999
2026,8,23,23,-999
2026,8,24,0,-999
2026,8,24,1,-999
2026,8,24,2,-999
2026,8,24,3,-999
2026,8,24,4,-999
2026,8,24,5,-999
2026,8,24,6,-999
2026,8,24,7,-999
2026,8,24,8,-999
2026,8,24,9,-999
2026,8,24,10,-999
2026,8,24,11,-999
2026,8,24,12,-999
2026,8,24,13,-999
2026,8,24,14,-999
2026,8,24,15,-999
2026,8,24,16,-999
2026,8,24,17,-999
2026,8,24,18,-999
2026,8,24,19,-999
2026,8,24,20,-999
2026,8,24,21,-999
2026,8,24,22,-999
2026,8,24,23,-999
2026,8,25,0,-999
2026,8,25,1,-999
2026,8,25,2,-999
2026,8,25,3,-999
2026,8,25,4,-999
2026,8,25,5,-999
2026,8,25,6,-999
2026,8,25,7,-999
2026,8,25,8,-999
2026,8,25,9,-999
2026,8,25,10,-999
2026,8,25,11,-999
2026,8,25,12,-999
2026,8,25,13,-999
2026,8,25,14,-999
2026,8,25,15,-999
2026,8,25,16,-999
2026,8,25,17,-999
2026,8,25,18,-999
2026,8,25,19,-999
2026,8,25,20,-999
2026,8,25,21,-999
2026,8,25,22,-999
2026,8,25,23,-999
2026,8,26,0,-999
2026,8,26,1,-999
2026,8,26,2,-999
2026,8,26,3,-999
2026,8,26,4,-999
2026,8,26,5,-999
2026,8,26,6,-999
2026,8,26,7,-999
2026,8,26,8,-999
2026,8,26,9,-999
2026,8,26,10,-999
2026,8,26,11,-999
2026,8,26,12,-999
2026,8,26,13,-999
2026,8,26,14,-999
2026,8,26,15,-999
2026,8,26,16,-999
2026,8,26,17,-999
2026,8,26,18,-999
2026,8,26,19,-999
2026,8,26,20,-999
2026,8,26,21,-999
2026,8,26,22,-999
2026,8,26,23,-999
2026,8,27,0,-999
2026,8,27,1,-999
2026,8,27,2,-999
2026,8,27,3,-999
2026,8,27,4,-999
2026,8,27,5,-999
2026,8,27,6,-999
2026,8,27,7,-999
2026,8,27,8,-999
2026,8,27,9,-999
2026,8,27,10,-999
2026,8,27,11,-999
2026,8,27,12,-999
2026,8,27,13,-999
2026,8,27,14,-999
2026,8,27,15,-999
2026,8,27,16,-999
2026,8,27,17,-999
2026,8,27,18,-999
2026,8,27,19,-999
2026,8,27,20,-999
2026,8,27,21,-999
2026,8,27,22,-999
2026,8,27,23,-999
2026,8,28,0,-999
2026,8,28,1,-999
2026,8,28,2,-999
2026,8,28,3,-999
2026,8,28,4,-999
2026,8,28,5,-999
2026,8,28,6,-999
2026,8,28,7,-999
2026,8,28,8,-999
2026,8,28,9,-999
2026,8,28,10,-999
2026,8,28,11,-999
2026,8,28,12,-999
2026,8,28,13,-999
2026,8,28,14,-999
2026,8,28,15,-999
2026,8,28,16,-999
2026,8,28,17,-999
2026,8,28,18,-999
2026,8,28,19,-999
2026,8,28,20,-999
2026,8,28,21,-999
2026,8,28,22,-999
2026,8,28,23,-999
2026,8,29,0,-999
2026,8,29,1,-999
2026,8,29,2,-999
2026,8,29,3,-999
2026,8,29,4,-999
2026,8,29,5,-999
2026,8,29,6,-999
2026,8,29,7,-999
2026,8,29,8,-999
2026,8,29,9,-999
2026,8,29,10,-999
2026,8,29,11,-999
2026,8,29,12,-999
2026,8,29,13,-999
2026,8,29,14,-999
2026,8,29,15,-999
2026,8,29,16,-999
2026,8,29,17,-999
2026,8,29,18,-999
2026,8,29,19,-999
2026,8,29,20,-999
2026,8,29,21,-999
2026,8,29,22,-999
2026,8,29,23,-999
2026,8,30,0,-999
2026,8,30,1,-999
2026,8,30,2,-999
2026,8,30,3,-999
2026,8,30,4,-999
2026,8,30,5,-999
2026,8,30,6,-999
2026,8,30,7,-999
2026,8,30,8,-999
2026,8,30,9,-999
2026,8,30,10,-999
2026,8,30,11,-999
2026,8,30,12,-999
2026,8,30,13,-999
2026,8,30,14,-999
2026,8,30,15,-999
2026,8,30,16,-999
2026,8,30,17,-999
2026,8,30,18,-999
2026,8,30,19,-999
2026,8,30,20,-999
2026,8,30,21,-999
2026,8,30,22,-999
2026,8,30,23,-999
2026,8,31,0,-999
2026,8,31,1,-999
2026,8,31,2,-999
2026,8,31,3,-999
2026,8,31,4,-999
2026,8,31,5,-999
2026,8,31,6,-999
2026,8,31,7,-999
2026,8,31,8,-999
2026,8,31,9,-999
2026,8,31,10,-999
2026,8,31,11,-999
2026,8,31,12,-999
2026,8,31,13,-999
2026,8,31,14,-999
2026,8,31,15,-999
2026,8,31,16,-999
2026,8,31,17,-999
2026,8,31,18,-999
2026,8,31,19,-999
2026,8,31,20,-999
2026,8,31,21,-999
2026,8,31,22,-999
2026,8,31,23,-999
2026,9,1,0,-999
2026,9,1,1,-999
2026,9,1,2,-999
2026,9,1,3,-999
2026,9,1,4,-999
2026,9,1,5,-999
2026,9,1,6,-999
2026,9,1,7,-999
2026,9,1,8,-999
2026,9,1,9,-999
2026,9,1,10,-999
2026,9,1,11,-999
2026,9,1,12,-999
2026,9,1,13,-999
2026,9,1,14,-999
2026,9,1,15,-999
2026,9,1,16,-999
2026,9,1,17,-999
2026,9,1,18,-999
2026,9,1,19,-999
2026,9,1,20,-999
2026,9,1,21,-999
2026,9,1,22,-999
2026,9,1,23,-999
2026,9,2,0,-999
2026,9,2,1,-999
2026,9,2,2,-999
2026,9,2,3,-999
2026,9,2,4,-999
2026,9,2,5,-999
2026,9,2,6,-999
2026,9,2,7,-999
2026,9,2,8,-999
2026,9,2,9,-999
2026,9,2,10,-999
2026,9,2,11,-999
2026,9,2,12,-999
2026,9,2,13,-999
2026,9,2,14,-999
2026,9,2,15,-999
2026,9,2,16,-999
2026,9,2,17,-999
2026,9,2,18,-999
2026,9,2,19,-999
2026,9,2,20,-999
2026,9,2,21,-999
2026,9,2,22,-999
2026,9,2,23,-999
2026,9,3,0,-999
2026,9,3,1,-999
2026,9,3,2,-999
2026,9,3,3,-999
2026,9,3,4,-999
2026,9,3,5,-999
2026,9,3,6,-999
2026,9,3,7,-999
2026,9,3,8,-999
2026,9,3,9,-999
2026,9,3,10,-999
2026,9,3,11,-999
2026,9,3,12,-999
2026,9,3,13,-999
2026,9,3,14,-999
2026,9,3,15,-999
2026,9,3,16,-999
2026,9,3,17,-999
2026,9,3,18,-999
2026,9,3,19,-999
2026,9,3,20,-999
2026,9,3,21,-999
2026,9,3,22,-999
2026,9,3,23,-999
2026,9,4,0,-999
2026,9,4,1,-999
2026,9,4,2,-999
2026,9,4,3,-999
2026,9,4,4,-999
2026,9,4,5,-999
2026,9,4,6,-999
2026,9,4,7,-999
2026,9,4,8,-999
2026,9,4,9,-999
2026,9,4,10,-999
2026,9,4,11,-999
2026,9,4,12,-999
2026,9,4,13,-999
2026,9,4,14,-999
2026,9,4,15,-999
2026,9,4,16,-999
2026,9,4,17,-999
2026,9,4,18,-999
2026,9,4,19,-999
2026,9,4,20,-999
2026,9,4,21,-999
2026,9,4,22,-999
2026,9,4,23,-999
,,,,
